"","gauge_RM","gauge","RM","deviance","distance"
"1","08313000_100","08313000","100",245.91709419538,211202.253021852
"2","08313000_101","08313000","101",177.498627991217,209960.301973641
"3","08313000_102","08313000","102",172.511303989349,209136.468928182
"4","08313000_103","08313000","103",166.5313633913,208016.827631084
"5","08313000_104","08313000","104",160.801030783363,206837.938117901
"6","08313000_105","08313000","105",130.067044791225,205409.24450571
"7","08313000_132","08313000","132",157.024381749786,170927.423335759
"8","08313000_133","08313000","133",369.295464255718,169499.0786675
"9","08313000_134","08313000","134",367.786676907177,168088.515294197
"10","08313000_135","08313000","135",363.326741576033,166798.860768438
"11","08313000_136","08313000","136",348.792354165133,165222.000325028
"12","08313000_137","08313000","137",280.565598904202,163659.261759483
"13","08313000_138","08313000","138",97.0603996100719,162276.755449823
"14","08313000_151","08313000","151",284.500825590305,144744.3346621
"15","08313000_152","08313000","152",364.281900786217,143252.592908456
"16","08313000_153","08313000","153",370.099170266944,142076.12827065
"17","08313000_154","08313000","154",366.075987007202,140783.67143265
"18","08313000_155","08313000","155",445.987446376139,139290.76143756
"19","08313000_156","08313000","156",431.30428987708,138008.179585977
"20","08313000_157","08313000","157",443.950041028548,136702.399250654
"21","08313000_158","08313000","158",496.614019145909,135188.797304742
"22","08313000_159","08313000","159",492.569884661478,133711.648291013
"23","08313000_160","08313000","160",459.651151242352,132164.108368203
"24","08313000_161","08313000","161",446.292411192113,130683.95884422
"25","08313000_162","08313000","162",461.819418097449,129125.520819943
"26","08313000_163","08313000","163",417.25789299326,127779.287488246
"27","08313000_164","08313000","164",352.111669685357,126300.241791245
"28","08313000_165","08313000","165",202.264103740641,124999.61457853
"29","08313000_57","08313000","57",56.0612938078558,272861.323058876
"30","08313000_60","08313000","60",81.4709575762628,267934.212159015
"31","08313000_61","08313000","61",58.5445940703244,266922.143677343
"32","08313000_62","08313000","62",54.489281595505,265699.797226367
"33","08313000_63","08313000","63",143.404155988285,264399.483843475
"34","08313000_64","08313000","64",143.404155988285,262854.449639602
"35","08313000_65","08313000","65",127.547763149649,261381.384100034
"36","08313000_66","08313000","66",123.993144070329,259766.185815848
"37","08313000_67","08313000","67",123.993144070329,258687.918472842
"38","08313000_68","08313000","68",115.92939278836,257190.310081775
"39","08313000_69","08313000","69",104.015719488157,255756.611995706
"40","08313000_70","08313000","70",100.197705010407,255429.00424512
"41","08313000_71","08313000","71",100.197705010407,254496.788854896
"42","08313000_73","08313000","73",454.564700789997,250957.973060997
"43","08313000_74","08313000","74",377.181556680494,249320.173585135
"44","08313000_75","08313000","75",378.343993184271,247477.273355445
"45","08313000_76","08313000","76",467.965688976675,245815.94670461
"46","08313000_77","08313000","77",475.992913063094,243983.843432054
"47","08313000_78","08313000","78",465.884309306605,242530.43605723
"48","08313000_79","08313000","79",473.91149239502,240987.410110049
"49","08313000_80","08313000","80",471.006714889203,239204.577859516
"50","08313000_81","08313000","81",471.705551632685,237599.163939901
"51","08313000_82","08313000","82",453.069679532515,235826.121625072
"52","08313000_83","08313000","83",467.060343336372,234099.550586844
"53","08313000_84","08313000","84",397.472005662436,232422.880171701
"54","08313000_85","08313000","85",363.558197949837,230631.565322448
"55","08313000_86","08313000","86",347.266267953248,228974.106217158
"56","08313000_87","08313000","87",341.801794208171,227279.902871224
"57","08313000_88","08313000","88",325.86437580656,225823.957003161
"58","08313000_89","08313000","89",321.083602500873,224432.740021541
"59","08313000_90","08313000","90",309.060218313088,223159.175355379
"60","08313000_91","08313000","91",319.549712487972,222217.099645812
"61","08313000_92","08313000","92",309.034969293108,220898.790856049
"62","08313000_93","08313000","93",287.388436218878,219651.394948803
"63","08313000_94","08313000","94",258.535246077396,218736.964356758
"64","08313000_95","08313000","95",266.759350671412,217323.322452766
"65","08313000_96","08313000","96",286.548796572414,216033.243711031
"66","08313000_97","08313000","97",287.958847130211,214775.08522728
"67","08313000_98","08313000","98",317.166464554732,213611.080897136
"68","08313000_99","08313000","99",296.854002484374,212639.176258981
"69","08317400_100","08317400","100",255.057389137311,179041.583935176
"70","08317400_101","08317400","101",184.258815521191,177790.901092228
"71","08317400_102","08317400","102",178.642563470945,176929.08150862
"72","08317400_103","08317400","103",172.460818175794,175779.229502532
"73","08317400_104","08317400","104",166.526268952325,174571.158886781
"74","08317400_105","08317400","105",134.651457102078,173138.041814897
"75","08317400_132","08317400","132",160.900778267229,138519.503991959
"76","08317400_133","08317400","133",382.381804362903,137071.592433633
"77","08317400_134","08317400","134",379.917451115527,135650.010332053
"78","08317400_135","08317400","135",374.074473247942,134331.535112785
"79","08317400_136","08317400","136",355.947902358395,132755.369871934
"80","08317400_137","08317400","137",286.282615451689,131191.155317136
"81","08317400_138","08317400","138",99.256215417261,129781.671694494
"82","08317400_151","08317400","151",290.925687613005,112176.674427972
"83","08317400_152","08317400","152",360.90825761694,110677.93649781
"84","08317400_153","08317400","153",366.281023406414,109465.222110106
"85","08317400_154","08317400","154",361.983159327723,108146.801426169
"86","08317400_155","08317400","155",442.737617431406,106665.1908691
"87","08317400_156","08317400","156",430.790917191105,105359.161195258
"88","08317400_157","08317400","157",444.986560074088,104031.220154207
"89","08317400_158","08317400","158",498.530517721354,102520.891379515
"90","08317400_159","08317400","159",496.076636939125,101034.011606463
"91","08317400_160","08317400","160",466.444132931294,99485.6327136888
"92","08317400_161","08317400","161",455.966598148175,98001.2029118486
"93","08317400_162","08317400","162",478.137436540242,96450.3620153973
"94","08317400_163","08317400","163",431.33843298186,95074.0060894754
"95","08317400_164","08317400","164",362.660363396885,93574.3674426834
"96","08317400_165","08317400","165",207.582642564949,92242.8696564089
"97","08317400_57","08317400","57",57.1049572821305,240667.366373199
"98","08317400_60","08317400","60",81.8886750721281,235756.390969777
"99","08317400_61","08317400","61",59.3245129963111,234772.364163492
"100","08317400_62","08317400","62",55.4057217017229,233578.144228818
"101","08317400_63","08317400","63",143.424021489117,232300.174264504
"102","08317400_64","08317400","64",143.424021489117,230775.044618338
"103","08317400_65","08317400","65",127.515804014705,229321.107872857
"104","08317400_66","08317400","66",123.904057275069,227705.797509512
"105","08317400_67","08317400","67",123.904057275069,226590.937777628
"106","08317400_68","08317400","68",115.811817576597,225075.106369082
"107","08317400_69","08317400","69",103.929624245041,223671.969388322
"108","08317400_70","08317400","70",100.046507394726,223400.913460245
"109","08317400_71","08317400","71",100.046507394726,222519.707024288
"110","08317400_73","08317400","73",454.527104444262,219024.428651959
"111","08317400_74","08317400","74",373.705244455472,217413.68338856
"112","08317400_75","08317400","75",375.09296887469,215586.67819294
"113","08317400_76","08317400","76",465.478595272859,213959.603973013
"114","08317400_77","08317400","77",473.739448260177,212146.867137421
"115","08317400_78","08317400","78",463.535789410566,210692.859847174
"116","08317400_79","08317400","79",471.648928616919,209150.866891624
"117","08317400_80","08317400","80",469.086997738478,207391.269648687
"118","08317400_81","08317400","81",469.529034293034,205795.931285473
"119","08317400_82","08317400","82",451.384808739317,204004.406628965
"120","08317400_83","08317400","83",464.82371276443,202278.655176612
"121","08317400_84","08317400","84",395.036783638641,200572.375878118
"122","08317400_85","08317400","85",361.921815450486,198771.712341801
"123","08317400_86","08317400","86",346.11482397889,197082.210323431
"124","08317400_87","08317400","87",342.308144474273,195362.850750584
"125","08317400_88","08317400","88",325.842401877255,193895.867374
"126","08317400_89","08317400","89",322.365547461458,192489.33150143
"127","08317400_90","08317400","90",312.720192002882,191202.32951336
"128","08317400_91","08317400","91",326.408024450911,190219.68536985
"129","08317400_92","08317400","92",319.443105724476,188882.554717457
"130","08317400_93","08317400","93",299.851523277581,187612.901360994
"131","08317400_94","08317400","94",270.840164769607,186658.258828802
"132","08317400_95","08317400","95",284.55742893757,185248.952068535
"133","08317400_96","08317400","96",307.140568200849,183949.961593202
"134","08317400_97","08317400","97",306.495015195392,182674.066679164
"135","08317400_98","08317400","98",333.32178442305,181486.486644896
"136","08317400_99","08317400","99",310.126181308936,180477.847427001
"137","08319000_100","08319000","100",245.629163740478,157634.02476596
"138","08319000_101","08319000","101",177.439148667972,156377.456818542
"139","08319000_102","08319000","102",171.983973546504,155485.546118759
"140","08319000_103","08319000","103",166.14578746394,154312.178240072
"141","08319000_104","08319000","104",160.553798669323,153081.450377486
"142","08319000_105","08319000","105",130.167212344855,151645.999307849
"143","08319000_132","08319000","132",154.600485872579,116947.763517668
"144","08319000_133","08319000","133",364.862540286789,115484.494868801
"145","08319000_134","08319000","134",362.390548949093,114054.929651888
"146","08319000_135","08319000","135",357.942317588401,112712.752715824
"147","08319000_136","08319000","136",341.888488215165,111138.954779422
"148","08319000_137","08319000","137",274.988095225434,109575.23465222
"149","08319000_138","08319000","138",95.2070881473061,108143.548700769
"150","08319000_151","08319000","151",278.247176914204,90494.0493612745
"151","08319000_152","08319000","152",368.024022787095,88990.747825338
"152","08319000_153","08319000","153",375.085060763556,87745.6864893202
"153","08319000_154","08319000","154",370.844805949439,86404.5747447139
"154","08319000_155","08319000","155",449.299925474058,84935.2931711219
"155","08319000_156","08319000","156",436.230622885294,83608.7173410174
"156","08319000_157","08319000","157",448.611078879949,82261.3807605567
"157","08319000_158","08319000","158",500.663659605197,80755.8217804778
"158","08319000_159","08319000","159",496.483181902249,79261.3614002232
"159","08319000_160","08319000","160",464.348051833238,77713.9604768968
"160","08319000_161","08319000","161",452.062072881829,76227.154014014
"161","08319000_162","08319000","162",469.760994301489,74685.6402502332
"162","08319000_163","08319000","163",420.877073988786,73281.4851778123
"163","08319000_164","08319000","164",349.822675049246,71763.4011653398
"164","08319000_165","08319000","165",200.913069205559,70403.1929601475
"165","08319000_57","08319000","57",54.7905664188527,219191.68455734
"166","08319000_60","08319000","60",81.0679746871878,214295.310690956
"167","08319000_61","08319000","61",57.6099771191715,213333.033899384
"168","08319000_62","08319000","62",53.2413443243987,212160.8284248
"169","08319000_63","08319000","63",143.402138132931,210900.605364679
"170","08319000_64","08319000","64",143.402138132931,209391.582984594
"171","08319000_65","08319000","65",127.54471239297,207953.189356707
"172","08319000_66","08319000","66",123.965966029903,206338.828459081
"173","08319000_67","08319000","67",123.965966029903,205196.610259263
"174","08319000_68","08319000","68",115.877407977176,203667.744825537
"175","08319000_69","08319000","69",103.992398096643,202288.981472775
"176","08319000_70","08319000","70",100.116182672236,202061.696274437
"177","08319000_71","08319000","71",100.116182672236,201220.565570036
"178","08319000_73","08319000","73",454.52720379632,197761.820491061
"179","08319000_74","08319000","74",383.82587495301,196173.508127525
"180","08319000_75","08319000","75",384.815325276016,194360.508898476
"181","08319000_76","08319000","76",474.925895420443,192761.757539176
"182","08319000_77","08319000","77",483.212839572462,190965.956694681
"183","08319000_78","08319000","78",473.153199173629,189512.883108782
"184","08319000_79","08319000","79",481.029490545821,187973.221273488
"185","08319000_80","08319000","80",478.034599885567,186233.789850995
"186","08319000_81","08319000","81",478.403486361115,184648.113731897
"187","08319000_82","08319000","82",459.607154374513,182843.800574174
"188","08319000_83","08319000","83",473.161048013571,181120.554324928
"189","08319000_84","08319000","84",402.278645862943,179392.495427946
"190","08319000_85","08319000","85",367.797334040078,177586.306469668
"191","08319000_86","08319000","86",351.489325661702,175872.981382583
"192","08319000_87","08319000","87",346.307031877403,174135.29933704
"193","08319000_88","08319000","88",329.561842733584,172661.024960025
"194","08319000_89","08319000","89",324.914539674087,171243.682526567
"195","08319000_90","08319000","90",313.758533886652,169947.24434501
"196","08319000_91","08319000","91",326.074897529967,168932.961452935
"197","08319000_92","08319000","92",317.698362026399,167582.048164499
"198","08319000_93","08319000","93",296.557926483037,166295.744596692
"199","08319000_94","08319000","94",267.152126273806,165309.613851885
"200","08319000_95","08319000","95",277.152960895737,163905.211780904
"201","08319000_96","08319000","96",297.830079800066,162600.321126124
"202","08319000_97","08319000","97",299.487944486515,161311.341162704
"203","08319000_98","08319000","98",326.940771938667,160105.82509338
"204","08319000_99","08319000","99",303.052504259668,159068.369149984
"205","08329918_100","08329918","100",276.487429363929,126881.590678083
"206","08329918_101","08329918","101",198.710990728569,125614.112216641
"207","08329918_102","08329918","102",191.320017173237,124637.845194087
"208","08329918_103","08329918","103",184.550233957025,123400.096835052
"209","08329918_104","08329918","104",178.026330853049,122107.062710784
"210","08329918_105","08329918","105",143.404860318919,120671.517596302
"211","08329918_132","08329918","132",170.295348286247,85938.3762768055
"212","08329918_133","08329918","133",436.895569722306,84433.6218255454
"213","08329918_134","08329918","134",428.303042347416,82988.0648529012
"214","08329918_135","08329918","135",414.997064431016,81572.101630627
"215","08329918_136","08329918","136",380.331125950726,80020.8954005057
"216","08329918_137","08329918","137",306.05883532641,78473.4420049755
"217","08329918_138","08329918","138",107.106253195758,76972.5915691324
"218","08329918_151","08329918","151",328.581757068947,59348.96067317
"219","08329918_152","08329918","152",463.702277873561,57847.9171714663
"220","08329918_153","08329918","153",475.008215088526,56477.9871260861
"221","08329918_154","08329918","154",471.437421708632,55052.4718373193
"222","08329918_155","08329918","155",533.913425836562,53662.3590174679
"223","08329918_156","08329918","156",506.851628846715,52259.5137120149
"224","08329918_157","08329918","157",508.003958901138,50838.7277253511
"225","08329918_158","08329918","158",545.429072858528,49380.9722946847
"226","08329918_159","08329918","159",536.667749228138,47873.6135322706
"227","08329918_160","08329918","160",507.297698040079,46358.9001274558
"228","08329918_161","08329918","161",497.800241596331,44887.9685353169
"229","08329918_162","08329918","162",522.179993995388,43427.5243409654
"230","08329918_163","08329918","163",469.578583637551,41902.0906520693
"231","08329918_164","08329918","164",391.660194310222,40311.207240422
"232","08329918_165","08329918","165",223.708061988469,38807.0965781604
"233","08329918_57","08329918","57",4.43256695552987,188048.420734261
"234","08329918_60","08329918","60",23.1336943808138,183202.258810051
"235","08329918_61","08329918","61",7.19635743830677,182301.124312258
"236","08329918_62","08329918","62",12.6455379843214,181191.054379424
"237","08329918_63","08329918","63",79.3742531793743,179981.587840976
"238","08329918_64","08329918","64",79.3742531793743,178519.54437148
"239","08329918_65","08329918","65",71.8027700709048,177126.472994204
"240","08329918_66","08329918","66",72.0830124678646,175519.048317708
"241","08329918_67","08329918","67",72.0830124678646,174306.533739325
"242","08329918_68","08329918","68",68.3944014700063,172746.575276809
"243","08329918_69","08329918","69",63.5892390881975,171437.506639249
"244","08329918_70","08329918","70",63.9460955571002,171328.274714901
"245","08329918_71","08329918","71",63.9460955571002,170596.198701098
"246","08329918_73","08329918","73",446.770322832206,167245.304109298
"247","08329918_74","08329918","74",414.896625855611,165721.610534456
"248","08329918_75","08329918","75",414.269253851855,163952.015616622
"249","08329918_76","08329918","76",500.826611069337,162433.656276026
"250","08329918_77","08329918","77",509.919157470213,160689.303651743
"251","08329918_78","08329918","78",503.174705633755,159244.565524891
"252","08329918_79","08329918","79",508.678906084376,157717.392683376
"253","08329918_80","08329918","80",506.041013363689,156038.368509481
"254","08329918_81","08329918","81",507.278093376871,154485.077221021
"255","08329918_82","08329918","82",495.131200387205,152655.202233277
"256","08329918_83","08329918","83",514.027729693155,150946.490241268
"257","08329918_84","08329918","84",447.118423963553,149168.627228732
"258","08329918_85","08329918","85",415.462673649656,147356.185376702
"259","08329918_86","08329918","86",402.29101430224,145587.02930452
"260","08329918_87","08329918","87",396.333927351748,143808.088537199
"261","08329918_88","08329918","88",372.508484557169,142321.096045859
"262","08329918_89","08329918","89",361.778946277106,140881.152214483
"263","08329918_90","08329918","90",341.807590127593,139565.206701682
"264","08329918_91","08329918","91",363.49171503258,138468.541448983
"265","08329918_92","08329918","92",377.011383823336,137085.873794483
"266","08329918_93","08329918","93",376.43213144289,135759.269513554
"267","08329918_94","08329918","94",330.603489486827,134689.123908651
"268","08329918_95","08329918","95",356.003496167993,133305.428826592
"269","08329918_96","08329918","96",386.494360647782,131990.208974037
"270","08329918_97","08329918","97",365.114856051981,130670.263698748
"271","08329918_98","08329918","98",377.869694412717,129419.174425743
"272","08329918_99","08329918","99",342.557557331952,128303.240720052
"273","08329928_100","08329928","100",247.411000201248,125018.748386376
"274","08329928_101","08329928","101",182.579601436706,123750.977513067
"275","08329928_102","08329928","102",178.230447348901,122770.740843466
"276","08329928_103","08329928","103",172.516856512793,121530.072811413
"277","08329928_104","08329928","104",167.030190532381,120234.242765523
"278","08329928_105","08329928","105",136.095796781904,118798.961703021
"279","08329928_132","08329928","132",153.526654017869,84073.330221399
"280","08329928_133","08329928","133",370.34813424418,82566.9012830326
"281","08329928_134","08329928","134",364.087518400779,81121.0369397967
"282","08329928_135","08329928","135",354.757069697584,79701.6170391223
"283","08329928_136","08329928","136",328.883082125689,78152.2645701037
"284","08329928_137","08329928","137",264.392491778908,76606.3615142327
"285","08329928_138","08329928","138",92.139072959141,75102.3340574725
"286","08329928_151","08329928","151",271.725884444091,57490.3697751698
"287","08329928_152","08329928","152",366.501570167232,55990.6514673868
"288","08329928_153","08329928","153",370.406136188308,54613.9838881629
"289","08329928_154","08329928","154",366.927723577483,53184.304877909
"290","08329928_155","08329928","155",446.840779293975,51800.3604241515
"291","08329928_156","08329928","156",428.987167328244,50393.8468116567
"292","08329928_157","08329928","157",438.801554251543,48969.5807042334
"293","08329928_158","08329928","158",488.601527078053,47516.2985820603
"294","08329928_159","08329928","159",481.566332271177,46009.5953986929
"295","08329928_160","08329928","160",447.246422560364,44498.7387754097
"296","08329928_161","08329928","161",432.691548120138,43030.6471074458
"297","08329928_162","08329928","162",449.163776994394,41577.8792904165
"298","08329928_163","08329928","163",405.227224853482,40045.8214266493
"299","08329928_164","08329928","164",341.436443573147,38451.8864452459
"300","08329928_165","08329928","165",191.938614058854,36939.3530812901
"301","08329928_57","08329928","57",56.8812066257304,186160.489684018
"302","08329928_60","08329928","60",81.8744808279052,181316.833580027
"303","08329928_61","08329928","61",59.303318432126,180418.432527803
"304","08329928_62","08329928","62",54.0102441878086,179311.18736255
"305","08329928_63","08329928","63",143.386026179979,178104.077801823
"306","08329928_64","08329928","64",143.386026179978,176644.266916621
"307","08329928_65","08329928","65",127.555355322323,175253.368650086
"308","08329928_66","08329928","66",124.004426900082,173646.409953481
"309","08329928_67","08329928","67",124.004426900082,172430.827148361
"310","08329928_68","08329928","68",115.923678036921,170869.612754799
"311","08329928_69","08329928","69",104.075346040448,169563.822015296
"312","08329928_70","08329928","70",100.280286307797,169460.009200929
"313","08329928_71","08329928","71",100.280286307797,168733.076598488
"314","08329928_73","08329928","73",454.028877110636,165387.65395362
"315","08329928_74","08329928","74",378.387166649602,163867.230541139
"316","08329928_75","08329928","75",379.32388533301,162099.951496069
"317","08329928_76","08329928","76",467.45537855571,160585.688969418
"318","08329928_77","08329928","77",475.071035242828,158844.097054831
"319","08329928_78","08329928","78",465.106329626883,157399.984515643
"320","08329928_79","08329928","79",472.38205971535,155873.660230909
"321","08329928_80","08329928","80",470.516441307592,154197.884849603
"322","08329928_81","08329928","81",471.163744559612,152646.459489586
"323","08329928_82","08329928","82",453.404833574592,150815.624936734
"324","08329928_83","08329928","83",468.186115748454,149107.935656911
"325","08329928_84","08329928","84",398.486429713718,147327.901597812
"326","08329928_85","08329928","85",363.202013938617,145515.473038802
"327","08329928_86","08329928","86",346.993376722844,143743.84929455
"328","08329928_87","08329928","87",342.469440629966,141963.174421046
"329","08329928_88","08329928","88",327.414068943681,140475.821694742
"330","08329928_89","08329928","89",322.42143522302,139035.01811264
"331","08329928_90","08329928","90",310.928626980531,137718.346418016
"332","08329928_91","08329928","91",322.469009249616,136617.778847248
"333","08329928_92","08329928","92",314.946688443804,135233.790427987
"334","08329928_93","08329928","93",297.432035433283,133905.432640321
"335","08329928_94","08329928","94",267.404098461754,132831.327152563
"336","08329928_95","08329928","95",280.385487428854,131448.913242965
"337","08329928_96","08329928","96",303.557304071618,130133.431318658
"338","08329928_97","08329928","97",300.818110920977,128812.203164119
"339","08329928_98","08329928","98",324.453365370012,127559.096217925
"340","08329928_99","08329928","99",300.628584199622,126439.501632136
"341","08330000_100","08330000","100",234.728764438316,114401.775575704
"342","08330000_101","08330000","101",175.921027133171,113133.517205765
"343","08330000_102","08330000","102",172.849066042922,112146.093169963
"344","08330000_103","08330000","103",167.589968560604,110900.462251907
"345","08330000_104","08330000","104",162.542749074371,109600.137647483
"346","08330000_105","08330000","105",133.180941913387,108165.325576007
"347","08330000_132","08330000","132",146.061159431698,73455.1710857795
"348","08330000_133","08330000","133",333.386877938133,71945.6997415888
"349","08330000_134","08330000","134",328.563219312322,70499.4121076908
"350","08330000_135","08330000","135",319.137791538449,69073.8043066235
"351","08330000_136","08330000","136",296.526641287563,67527.9755550173
"352","08330000_137","08330000","137",237.970600093331,65985.1693712872
"353","08330000_138","08330000","138",82.8240765887508,64475.4169102167
"354","08330000_151","08330000","151",242.453318416589,46891.2000306914
"355","08330000_152","08330000","152",341.205613894537,45395.1518694175
"356","08330000_153","08330000","153",343.528457378448,44003.5366306513
"357","08330000_154","08330000","154",339.287987987102,42565.4310797715
"358","08330000_155","08330000","155",423.311324940369,41195.418579719
"359","08330000_156","08330000","156",407.791684685239,39781.2083485132
"360","08330000_157","08330000","157",419.669881687739,38350.0017506018
"361","08330000_158","08330000","158",472.675710491829,36907.0475831367
"362","08330000_159","08330000","159",465.687657181051,35402.5634550571
"363","08330000_160","08330000","160",427.953603774919,33901.8374077199
"364","08330000_161","08330000","161",409.065133965099,32442.0018690332
"365","08330000_162","08330000","162",413.407350871839,31011.6341579276
"366","08330000_163","08330000","163",373.12708400177,29462.5142204118
"367","08330000_164","08330000","164",315.488828632576,27861.8477706075
"368","08330000_165","08330000","165",174.034254614211,26329.139913637
"369","08330000_57","08330000","57",53.6823681811408,175506.637772292
"370","08330000_60","08330000","60",80.2814144640719,170665.370068647
"371","08330000_61","08330000","61",56.5962545856484,169769.891144121
"372","08330000_62","08330000","62",52.367786849187,168666.011995979
"373","08330000_63","08330000","63",143.326367618192,167461.965600125
"374","08330000_64","08330000","64",143.326367618192,166005.260145964
"375","08330000_65","08330000","65",127.575903681484,164617.562696341
"376","08330000_66","08330000","66",124.111483698955,163011.333032356
"377","08330000_67","08330000","67",124.111483698955,161791.268318283
"378","08330000_68","08330000","68",116.08122646261,160228.329550207
"379","08330000_69","08330000","69",104.128299311047,158927.236663045
"380","08330000_70","08330000","70",100.366273472133,158831.977918971
"381","08330000_71","08330000","71",100.366273472133,158114.029783102
"382","08330000_73","08330000","73",454.331837950442,154779.070444101
"383","08330000_74","08330000","74",364.170416215082,153265.270914791
"384","08330000_75","08330000","75",365.362720936507,151502.873819952
"385","08330000_76","08330000","76",455.461204943651,149997.499925278
"386","08330000_77","08330000","77",463.206316853273,148262.149219713
"387","08330000_78","08330000","78",452.663247884723,146819.53021396
"388","08330000_79","08330000","79",460.596080957519,145295.22692006
"389","08330000_80","08330000","80",458.090089408002,143627.110502552
"390","08330000_81","08330000","81",457.87083493206,142080.222825781
"391","08330000_82","08330000","82",438.31985687946,140247.214374633
"392","08330000_83","08330000","83",451.106657104884,138542.08791326
"393","08330000_84","08330000","84",380.923736141663,136756.995728066
"394","08330000_85","08330000","85",346.782970922684,134944.721956851
"395","08330000_86","08330000","86",329.655041086776,133167.427568281
"396","08330000_87","08330000","87",324.759850538957,131382.868971583
"397","08330000_88","08330000","88",311.214696644172,129894.789921326
"398","08330000_89","08330000","89",306.194615151017,128452.123103578
"399","08330000_90","08330000","90",295.226163256536,127133.894732705
"400","08330000_91","08330000","91",304.227367486742,126024.749885318
"401","08330000_92","08330000","92",292.730629944182,124637.992873628
"402","08330000_93","08330000","93",269.26641236818,123305.985736848
"403","08330000_94","08330000","94",244.420222754492,122223.789303844
"404","08330000_95","08330000","95",248.493440737841,120844.046120448
"405","08330000_96","08330000","96",265.782091548286,119528.102377669
"406","08330000_97","08330000","97",272.463147238908,118204.350101817
"407","08330000_98","08330000","98",300.867882067157,116947.307515831
"408","08330000_99","08330000","99",282.464076281086,115820.782036028
"409","08330875_100","08330875","100",238.830633128999,98761.6705911958
"410","08330875_101","08330875","101",177.850232718303,97495.2040166555
"411","08330875_102","08330875","102",174.330275418269,96532.2033976175
"412","08330875_103","08330875","103",168.908762691791,95305.9112069279
"413","08330875_104","08330875","104",163.705550161839,94025.2760574896
"414","08330875_105","08330875","105",133.848382070108,92588.8402142611
"415","08330875_132","08330875","132",148.843294270929,57834.0401519894
"416","08330875_133","08330875","133",348.100587968818,56336.6214973884
"417","08330875_134","08330875","134",342.543075212599,54893.0090965674
"418","08330875_135","08330875","135",333.246966605656,53493.8026465272
"419","08330875_136","08330875","136",309.273869297431,51934.5413877633
"420","08330875_137","08330875","137",248.423389800223,50380.8814634643
"421","08330875_138","08330875","138",86.5111491695231,48896.1295815106
"422","08330875_151","08330875","151",250.333511619751,31234.3623827409
"423","08330875_152","08330875","152",341.846843957105,29729.6586103986
"424","08330875_153","08330875","153",342.717170699513,28390.1793218864
"425","08330875_154","08330875","154",339.149408907503,26990.5521475598
"426","08330875_155","08330875","155",424.719849539349,25568.6851964648
"427","08330875_156","08330875","156",411.228280698242,24188.3114647232
"428","08330875_157","08330875","157",424.958551099085,22793.888290082
"429","08330875_158","08330875","158",478.83045545409,21310.6787683547
"430","08330875_159","08330875","159",471.679613597492,19803.4481987316
"431","08330875_160","08330875","160",434.589795221322,18270.2105795201
"432","08330875_161","08330875","161",417.138248968964,16787.9542870985
"433","08330875_162","08330875","162",425.872210456392,15297.7718950418
"434","08330875_163","08330875","163",384.406708711439,13805.1045302336
"435","08330875_164","08330875","164",324.741578454434,12240.1671006798
"436","08330875_165","08330875","165",180.759039208607,10824.1929019592
"437","08330875_57","08330875","57",51.8478008569666,160041.170622233
"438","08330875_60","08330875","60",79.3215869438224,155178.753614292
"439","08330875_61","08330875","61",55.0755568172117,154260.72603833
"440","08330875_62","08330875","62",50.7231132196714,153134.800667504
"441","08330875_63","08330875","63",143.232550201005,151913.280899694
"442","08330875_64","08330875","64",143.232550201005,150440.751173111
"443","08330875_65","08330875","65",127.571503202146,149038.262695365
"444","08330875_66","08330875","66",124.181615563006,147429.031422774
"445","08330875_67","08330875","67",124.181615563006,146230.152498532
"446","08330875_68","08330875","68",116.180561777642,144676.375938187
"447","08330875_69","08330875","69",104.198669408212,143352.311603245
"448","08330875_70","08330875","70",100.483658347932,143221.915546019
"449","08330875_71","08330875","71",100.483658347932,142473.821409059
"450","08330875_73","08330875","73",453.451860779306,139109.829304906
"451","08330875_74","08330875","74",365.09644182507,137580.00022579
"452","08330875_75","08330875","75",366.124444576908,135806.805262789
"453","08330875_76","08330875","76",457.153917298066,134283.448142662
"454","08330875_77","08330875","77",464.679669037923,132536.706507746
"455","08330875_78","08330875","78",454.157942997355,131091.539390467
"456","08330875_79","08330875","79",461.772739445435,129563.839075229
"457","08330875_80","08330875","80",459.565518616886,127883.392535789
"458","08330875_81","08330875","81",459.796170928141,126329.725494295
"459","08330875_82","08330875","82",440.64945557534,124500.009807774
"460","08330875_83","08330875","83",454.234395514626,122791.134915358
"461","08330875_84","08330875","84",382.695107438233,121013.746582634
"462","08330875_85","08330875","85",347.816897818964,119201.307001096
"463","08330875_86","08330875","86",330.879828692241,117433.244430198
"464","08330875_87","08330875","87",326.365723849046,115655.443560654
"465","08330875_88","08330875","88",312.880054152947,114168.740823819
"466","08330875_89","08330875","89",308.120308036348,112729.522795344
"467","08330875_90","08330875","90",297.499807239754,111414.256632312
"468","08330875_91","08330875","91",306.440933645051,110322.134950714
"469","08330875_92","08330875","92",294.675556090091,108941.427214347
"470","08330875_93","08330875","93",272.664566249579,107617.737569221
"471","08330875_94","08330875","94",247.122101501522,106555.496945282
"472","08330875_95","08330875","95",256.79629540446,105169.124447099
"473","08330875_96","08330875","96",276.364468654643,103854.530738884
"474","08330875_97","08330875","97",281.714217656741,102537.494324457
"475","08330875_98","08330875","98",309.02603430501,101291.388749579
"476","08330875_99","08330875","99",288.329887050923,100185.874829331
"477","08331160_133","08331160","133",365.626796431691,47349.0499074634
"478","08331160_134","08331160","134",359.01745399471,45902.9179843705
"479","08331160_151","08331160","151",256.221332187224,22300.678472779
"480","08331160_152","08331160","152",185.040785691054,20808.9481902608
"481","08331160_153","08331160","153",212.283037108453,19406.3951665299
"482","08331160_154","08331160","154",211.617028194787,17967.3087147739
"483","08331160_155","08331160","155",300.631383750838,16602.3058574126
"484","08331160_156","08331160","156",308.811983624107,15183.7565931893
"485","08331160_157","08331160","157",324.936880887227,13751.8759277958
"486","08331160_158","08331160","158",384.097276540652,12312.2885389958
"487","08331160_159","08331160","159",392.214789931348,10810.8015529531
"488","08331160_160","08331160","160",377.636709010293,9328.79782482192
"489","08331160_161","08331160","161",374.821478369675,7896.81234062094
"490","08331160_74","08331160","74",275.418460544233,128667.64394776
"491","08331160_75","08331160","75",278.682395994631,126906.45417841
"492","08331160_76","08331160","76",372.100918816343,125404.541720208
"493","08331160_77","08331160","77",383.751542564162,123672.498313666
"494","08331160_78","08331160","78",375.441011073966,122230.802774465
"495","08331160_79","08331160","79",387.37366317675,120707.798215756
"496","08331160_80","08331160","80",384.818917825514,119045.004732387
"497","08331160_81","08331160","81",384.409489951985,117501.687717633
"498","08331160_82","08331160","82",368.96794977253,115667.092836931
"499","08331160_83","08331160","83",384.099602479124,113964.106256342
"500","08331160_84","08331160","84",315.972985053674,112175.192975117
"501","08331160_85","08331160","85",295.161985852528,110363.149961079
"502","08331160_86","08331160","86",281.913733107676,108581.87850271
"503","08331160_87","08331160","87",278.009335545176,106794.859343398
"504","08331160_88","08331160","88",256.956450559116,105306.395385208
"505","08331160_89","08331160","89",250.40246317841,103862.659857511
"506","08331160_90","08331160","90",238.136800735904,102543.578562008
"507","08331160_91","08331160","91",266.413294927741,101430.200527593
"508","08331160_92","08331160","92",273.622498980863,100042.391827591
"509","08331160_93","08331160","93",253.62343261786,98709.2238645728
"510","08331160_94","08331160","94",221.588826702747,97625.5533063835
"511","08331160_95","08331160","95",212.931569347526,96246.1198607217
"512","08331160_96","08331160","96",231.111902246728,94930.1168581863
"513","08331160_97","08331160","97",231.664868066429,93606.1023644939
"514","08331160_98","08331160","98",246.494396140173,92349.0177989236
"515","08331160_99","08331160","99",218.342289811173,91223.706055302
"516","08331510_133","08331510","133",363.557992347458,11106.6376928506
"517","08331510_134","08331510","134",356.996022198974,9691.44596936583
"518","08331510_73","08331510","73",420.900534370474,93760.9370926219
"519","08331510_74","08331510","74",263.736536909014,92235.2490548603
"520","08331510_75","08331510","75",264.787726225733,90466.8763336758
"521","08331510_76","08331510","76",362.822959088538,88955.8619800073
"522","08331510_77","08331510","77",373.631431729591,87220.1196286889
"523","08331510_78","08331510","78",366.916484091894,85777.8177569867
"524","08331510_79","08331510","79",376.079435908126,84254.1898867172
"525","08331510_80","08331510","80",371.894917116124,82590.9145465741
"526","08331510_81","08331510","81",369.215357625481,81048.5910983306
"527","08331510_82","08331510","82",354.52786464235,79213.4756043144
"528","08331510_83","08331510","83",365.914268588731,77511.2977003713
"529","08331510_84","08331510","84",301.278137232819,75721.1893283876
"530","08331510_85","08331510","85",284.480569649196,73909.2056398453
"531","08331510_86","08331510","86",270.68120155746,72127.7393327003
"532","08331510_87","08331510","87",264.988127049812,70341.4408280593
"533","08331510_88","08331510","88",244.095030964415,68853.162167094
"534","08331510_89","08331510","89",231.279154215917,67410.0902489981
"535","08331510_90","08331510","90",213.015251510038,66091.7049767416
"536","08331510_91","08331510","91",232.929618451388,64985.2005276038
"537","08331510_92","08331510","92",244.671252260559,63600.7210910055
"538","08331510_93","08331510","93",233.352521681635,62272.9598272132
"539","08331510_94","08331510","94",204.786415846647,61205.8548702765
"540","08331510_95","08331510","95",208.221367820042,59820.3234278626
"541","08331510_96","08331510","96",228.021850255718,58505.4558811082
"542","08331510_97","08331510","97",223.587121086304,57187.695244029
"543","08331510_98","08331510","98",240.275306978045,55941.9824125743
"544","08331510_99","08331510","99",209.907515420411,54842.1146885999
"545","08354900_100","08354900","100",239.631270417778,20456.8223303156
"546","08354900_101","08354900","101",181.524121725971,19214.4639708749
"547","08354900_102","08354900","102",178.865476585566,18033.3230033406
"548","08354900_103","08354900","103",173.455802199366,16667.5126914819
"549","08354900_104","08354900","104",168.244208183437,15259.7077750121
"550","08354900_105","08354900","105",137.785346669912,13871.5437608446
"551","08354900_57","08354900","57",55.1568002143115,80830.8810871804
"552","08354900_60","08354900","60",81.2652474616466,75985.8873160879
"553","08354900_61","08354900","61",57.8412090968628,75094.8980393438
"554","08354900_62","08354900","62",53.8672077419719,74004.6229550254
"555","08354900_63","08354900","63",143.4294670495,72818.7371098304
"556","08354900_64","08354900","64",143.4294670495,71384.9926583221
"557","08354900_65","08354900","65",127.481575434365,70024.8944133807
"558","08354900_66","08354900","66",123.792222889824,68426.5872170395
"559","08354900_67","08354900","67",123.792222889824,67168.97475683
"560","08354900_68","08354900","68",115.645985896777,65593.6616047706
"561","08354900_69","08354900","69",103.808362709554,64332.2936531343
"562","08354900_70","08354900","70",99.7771956935534,64324.4231209815
"563","08354900_71","08354900","71",99.7771956935534,63715.2263637706
"564","08354900_73","08354900","73",454.555269412738,60533.4211749427
"565","08354900_74","08354900","74",347.400708648557,59124.6596417947
"566","08354900_75","08354900","75",348.346873837401,57448.9036283821
"567","08354900_76","08354900","76",439.796449781603,56099.2416508409
"568","08354900_77","08354900","77",447.227354711493,54486.9229677835
"569","08354900_78","08354900","78",436.992787428151,53087.0574224393
"570","08354900_79","08354900","79",446.109525289305,51618.0778476756
"571","08354900_80","08354900","80",445.532150240414,50115.36065922
"572","08354900_81","08354900","81",444.009722170746,48681.5214500767
"573","08354900_82","08354900","82",424.448744840529,46840.3000307094
"574","08354900_83","08354900","83",439.384492359185,45221.1019282404
"575","08354900_84","08354900","84",368.481984020148,43370.2991837162
"576","08354900_85","08354900","85",333.517797042347,41601.9283031375
"577","08354900_86","08354900","86",315.807951556989,39743.9312439254
"578","08354900_87","08354900","87",311.372101572244,37916.0392891119
"579","08354900_88","08354900","88",298.036898564349,36448.3538833952
"580","08354900_89","08354900","89",290.168212452595,35000.2657182147
"581","08354900_90","08354900","90",279.923131812109,33681.2271083978
"582","08354900_91","08354900","91",292.925562051565,32395.7419380863
"583","08354900_92","08354900","92",286.467703437871,30977.242649149
"584","08354900_93","08354900","93",264.512100521174,29589.2856600963
"585","08354900_94","08354900","94",242.077751867402,28331.7842050106
"586","08354900_95","08354900","95",248.618504360536,27053.5290530032
"587","08354900_96","08354900","96",267.493795002549,25761.8432791688
"588","08354900_97","08354900","97",275.470510332922,24407.7974463363
"589","08354900_98","08354900","98",300.730585071606,23077.4115278618
"590","08354900_99","08354900","99",282.303741512233,21785.8982832135
