"RM","Year","Sum_days_rm_dry","Latitude","Longitude"
"100",2011,5,34.07340677,-106.8703315
"100",2004,29,34.07340677,-106.8703315
"100",2003,1,34.07340677,-106.8703315
"100",2008,0,34.07340677,-106.8703315
"100",2006,0,34.07340677,-106.8703315
"100",2018,0,34.07340677,-106.8703315
"100",2010,0,34.07340677,-106.8703315
"100",2009,0,34.07340677,-106.8703315
"100",2014,0,34.07340677,-106.8703315
"100",2005,0,34.07340677,-106.8703315
"100",2007,0,34.07340677,-106.8703315
"100",2016,0,34.07340677,-106.8703315
"100",2015,0,34.07340677,-106.8703315
"100",2017,0,34.07340677,-106.8703315
"100",2012,45,34.07340677,-106.8703315
"100",2013,0,34.07340677,-106.8703315
"101",2009,0,34.08474387,-106.8688445
"101",2008,0,34.08474387,-106.8688445
"101",2003,1,34.08474387,-106.8688445
"101",2006,0,34.08474387,-106.8688445
"101",2010,0,34.08474387,-106.8688445
"101",2007,0,34.08474387,-106.8688445
"101",2014,0,34.08474387,-106.8688445
"101",2005,0,34.08474387,-106.8688445
"101",2013,0,34.08474387,-106.8688445
"101",2016,0,34.08474387,-106.8688445
"101",2004,28,34.08474387,-106.8688445
"101",2017,0,34.08474387,-106.8688445
"101",2018,0,34.08474387,-106.8688445
"101",2012,25,34.08474387,-106.8688445
"101",2011,2,34.08474387,-106.8688445
"101",2015,0,34.08474387,-106.8688445
"102",2009,0,34.0947941,-106.8770592
"102",2014,0,34.0947941,-106.8770592
"102",2015,0,34.0947941,-106.8770592
"102",2013,0,34.0947941,-106.8770592
"102",2016,0,34.0947941,-106.8770592
"102",2011,0,34.0947941,-106.8770592
"102",2007,0,34.0947941,-106.8770592
"102",2018,0,34.0947941,-106.8770592
"102",2003,1,34.0947941,-106.8770592
"102",2006,0,34.0947941,-106.8770592
"102",2017,0,34.0947941,-106.8770592
"102",2012,21,34.0947941,-106.8770592
"102",2008,0,34.0947941,-106.8770592
"102",2005,0,34.0947941,-106.8770592
"102",2004,28,34.0947941,-106.8770592
"102",2010,0,34.0947941,-106.8770592
"103",2016,0,34.10683319,-106.8821828
"103",2015,0,34.10683319,-106.8821828
"103",2009,0,34.10683319,-106.8821828
"103",2011,0,34.10683319,-106.8821828
"103",2017,0,34.10683319,-106.8821828
"103",2014,0,34.10683319,-106.8821828
"103",2003,1,34.10683319,-106.8821828
"103",2005,0,34.10683319,-106.8821828
"103",2013,0,34.10683319,-106.8821828
"103",2008,0,34.10683319,-106.8821828
"103",2010,0,34.10683319,-106.8821828
"103",2004,28,34.10683319,-106.8821828
"103",2018,0,34.10683319,-106.8821828
"103",2007,0,34.10683319,-106.8821828
"103",2006,0,34.10683319,-106.8821828
"103",2012,19,34.10683319,-106.8821828
"104",2011,0,34.11934766,-106.8868777
"104",2016,0,34.11934766,-106.8868777
"104",2009,0,34.11934766,-106.8868777
"104",2014,0,34.11934766,-106.8868777
"104",2003,1,34.11934766,-106.8868777
"104",2005,0,34.11934766,-106.8868777
"104",2015,0,34.11934766,-106.8868777
"104",2008,0,34.11934766,-106.8868777
"104",2010,0,34.11934766,-106.8868777
"104",2012,17,34.11934766,-106.8868777
"104",2017,0,34.11934766,-106.8868777
"104",2013,0,34.11934766,-106.8868777
"104",2018,0,34.11934766,-106.8868777
"104",2007,0,34.11934766,-106.8868777
"104",2004,28,34.11934766,-106.8868777
"104",2006,0,34.11934766,-106.8868777
"105",2015,0,34.13193032,-106.8834036
"105",2004,25,34.13193032,-106.8834036
"105",2009,0,34.13193032,-106.8834036
"105",2005,0,34.13193032,-106.8834036
"105",2006,0,34.13193032,-106.8834036
"105",2003,1,34.13193032,-106.8834036
"105",2008,0,34.13193032,-106.8834036
"105",2018,0,34.13193032,-106.8834036
"105",2016,0,34.13193032,-106.8834036
"105",2017,0,34.13193032,-106.8834036
"105",2007,0,34.13193032,-106.8834036
"105",2013,0,34.13193032,-106.8834036
"105",2010,0,34.13193032,-106.8834036
"105",2012,10,34.13193032,-106.8834036
"105",2014,0,34.13193032,-106.8834036
"105",2011,0,34.13193032,-106.8834036
"106",2003,1,34.14385943,-106.878605
"106",2006,0,34.14385943,-106.878605
"106",2004,24,34.14385943,-106.878605
"106",2014,0,34.14385943,-106.878605
"106",2015,0,34.14385943,-106.878605
"106",2018,0,34.14385943,-106.878605
"106",2012,0,34.14385943,-106.878605
"106",2013,0,34.14385943,-106.878605
"106",2017,0,34.14385943,-106.878605
"106",2011,0,34.14385943,-106.878605
"106",2009,0,34.14385943,-106.878605
"106",2016,0,34.14385943,-106.878605
"106",2007,0,34.14385943,-106.878605
"106",2005,0,34.14385943,-106.878605
"106",2010,0,34.14385943,-106.878605
"106",2008,0,34.14385943,-106.878605
"107",2017,0,34.1561398,-106.8831366
"107",2016,0,34.1561398,-106.8831366
"107",2014,0,34.1561398,-106.8831366
"107",2012,0,34.1561398,-106.8831366
"107",2009,0,34.1561398,-106.8831366
"107",2006,0,34.1561398,-106.8831366
"107",2004,23,34.1561398,-106.8831366
"107",2008,0,34.1561398,-106.8831366
"107",2010,0,34.1561398,-106.8831366
"107",2013,0,34.1561398,-106.8831366
"107",2018,0,34.1561398,-106.8831366
"107",2007,0,34.1561398,-106.8831366
"107",2011,0,34.1561398,-106.8831366
"107",2003,1,34.1561398,-106.8831366
"107",2005,0,34.1561398,-106.8831366
"107",2015,0,34.1561398,-106.8831366
"108",2013,0,34.16853118,-106.885648
"108",2008,0,34.16853118,-106.885648
"108",2003,0,34.16853118,-106.885648
"108",2004,21,34.16853118,-106.885648
"108",2007,0,34.16853118,-106.885648
"108",2010,0,34.16853118,-106.885648
"108",2009,0,34.16853118,-106.885648
"108",2006,0,34.16853118,-106.885648
"108",2016,0,34.16853118,-106.885648
"108",2011,0,34.16853118,-106.885648
"108",2017,0,34.16853118,-106.885648
"108",2018,0,34.16853118,-106.885648
"108",2012,0,34.16853118,-106.885648
"108",2014,0,34.16853118,-106.885648
"108",2015,0,34.16853118,-106.885648
"108",2005,0,34.16853118,-106.885648
"109",2010,0,34.17975393,-106.8842541
"109",2006,0,34.17975393,-106.8842541
"109",2014,0,34.17975393,-106.8842541
"109",2009,0,34.17975393,-106.8842541
"109",2008,0,34.17975393,-106.8842541
"109",2003,0,34.17975393,-106.8842541
"109",2013,0,34.17975393,-106.8842541
"109",2016,0,34.17975393,-106.8842541
"109",2015,0,34.17975393,-106.8842541
"109",2004,15,34.17975393,-106.8842541
"109",2005,0,34.17975393,-106.8842541
"109",2018,0,34.17975393,-106.8842541
"109",2011,0,34.17975393,-106.8842541
"109",2012,0,34.17975393,-106.8842541
"109",2007,0,34.17975393,-106.8842541
"109",2017,0,34.17975393,-106.8842541
"110",2003,0,34.1923662,-106.8860195
"110",2014,0,34.1923662,-106.8860195
"110",2008,0,34.1923662,-106.8860195
"110",2015,0,34.1923662,-106.8860195
"110",2012,0,34.1923662,-106.8860195
"110",2013,0,34.1923662,-106.8860195
"110",2016,0,34.1923662,-106.8860195
"110",2010,0,34.1923662,-106.8860195
"110",2005,0,34.1923662,-106.8860195
"110",2018,0,34.1923662,-106.8860195
"110",2004,5,34.1923662,-106.8860195
"110",2017,0,34.1923662,-106.8860195
"110",2006,0,34.1923662,-106.8860195
"110",2009,0,34.1923662,-106.8860195
"110",2011,0,34.1923662,-106.8860195
"110",2007,0,34.1923662,-106.8860195
"111",2014,0,34.2038681,-106.8881537
"111",2010,0,34.2038681,-106.8881537
"111",2012,0,34.2038681,-106.8881537
"111",2015,0,34.2038681,-106.8881537
"111",2004,2,34.2038681,-106.8881537
"111",2017,0,34.2038681,-106.8881537
"111",2003,0,34.2038681,-106.8881537
"111",2016,0,34.2038681,-106.8881537
"111",2011,0,34.2038681,-106.8881537
"111",2005,0,34.2038681,-106.8881537
"111",2008,0,34.2038681,-106.8881537
"111",2009,0,34.2038681,-106.8881537
"111",2006,0,34.2038681,-106.8881537
"111",2013,0,34.2038681,-106.8881537
"111",2007,0,34.2038681,-106.8881537
"111",2018,0,34.2038681,-106.8881537
"112",2004,2,34.21515507,-106.8862631
"112",2014,0,34.21515507,-106.8862631
"112",2009,0,34.21515507,-106.8862631
"112",2010,0,34.21515507,-106.8862631
"112",2003,0,34.21515507,-106.8862631
"112",2016,0,34.21515507,-106.8862631
"112",2017,0,34.21515507,-106.8862631
"112",2006,0,34.21515507,-106.8862631
"112",2005,0,34.21515507,-106.8862631
"112",2008,0,34.21515507,-106.8862631
"112",2018,0,34.21515507,-106.8862631
"112",2013,0,34.21515507,-106.8862631
"112",2012,0,34.21515507,-106.8862631
"112",2007,0,34.21515507,-106.8862631
"112",2015,0,34.21515507,-106.8862631
"112",2011,0,34.21515507,-106.8862631
"113",2016,0,34.22440535,-106.8942423
"113",2006,0,34.22440535,-106.8942423
"113",2007,0,34.22440535,-106.8942423
"113",2009,0,34.22440535,-106.8942423
"113",2003,0,34.22440535,-106.8942423
"113",2004,2,34.22440535,-106.8942423
"113",2010,0,34.22440535,-106.8942423
"113",2005,0,34.22440535,-106.8942423
"113",2015,0,34.22440535,-106.8942423
"113",2012,0,34.22440535,-106.8942423
"113",2011,0,34.22440535,-106.8942423
"113",2014,0,34.22440535,-106.8942423
"113",2017,0,34.22440535,-106.8942423
"113",2018,0,34.22440535,-106.8942423
"113",2013,0,34.22440535,-106.8942423
"113",2008,0,34.22440535,-106.8942423
"114",2006,0,34.23594998,-106.8987643
"114",2016,0,34.23594998,-106.8987643
"114",2018,0,34.23594998,-106.8987643
"114",2010,0,34.23594998,-106.8987643
"114",2014,0,34.23594998,-106.8987643
"114",2003,0,34.23594998,-106.8987643
"114",2008,0,34.23594998,-106.8987643
"114",2011,0,34.23594998,-106.8987643
"114",2013,0,34.23594998,-106.8987643
"114",2017,0,34.23594998,-106.8987643
"114",2015,0,34.23594998,-106.8987643
"114",2012,0,34.23594998,-106.8987643
"114",2009,0,34.23594998,-106.8987643
"114",2007,0,34.23594998,-106.8987643
"114",2005,0,34.23594998,-106.8987643
"114",2004,2,34.23594998,-106.8987643
"115",2013,0,34.24700975,-106.8987432
"115",2011,0,34.24700975,-106.8987432
"115",2016,0,34.24700975,-106.8987432
"115",2014,0,34.24700975,-106.8987432
"115",2005,0,34.24700975,-106.8987432
"115",2012,0,34.24700975,-106.8987432
"115",2010,0,34.24700975,-106.8987432
"115",2004,2,34.24700975,-106.8987432
"115",2008,0,34.24700975,-106.8987432
"115",2009,0,34.24700975,-106.8987432
"115",2003,0,34.24700975,-106.8987432
"115",2006,0,34.24700975,-106.8987432
"115",2007,0,34.24700975,-106.8987432
"115",2017,0,34.24700975,-106.8987432
"115",2015,0,34.24700975,-106.8987432
"115",2018,0,34.24700975,-106.8987432
"116",2010,0,34.25598455,-106.88731
"116",2010,0,34.25598455,-106.8902388
"116",2010,0,34.25604144,-106.88731
"116",2010,0,34.25604144,-106.8902388
"116",2007,0,34.25598455,-106.88731
"116",2007,0,34.25598455,-106.8902388
"116",2007,0,34.25604144,-106.88731
"116",2007,0,34.25604144,-106.8902388
"116",2009,0,34.25598455,-106.88731
"116",2009,0,34.25598455,-106.8902388
"116",2009,0,34.25604144,-106.88731
"116",2009,0,34.25604144,-106.8902388
"116",2011,0,34.25598455,-106.88731
"116",2011,0,34.25598455,-106.8902388
"116",2011,0,34.25604144,-106.88731
"116",2011,0,34.25604144,-106.8902388
"116",2008,0,34.25598455,-106.88731
"116",2008,0,34.25598455,-106.8902388
"116",2008,0,34.25604144,-106.88731
"116",2008,0,34.25604144,-106.8902388
"116",2014,0,34.25598455,-106.88731
"116",2014,0,34.25598455,-106.8902388
"116",2014,0,34.25604144,-106.88731
"116",2014,0,34.25604144,-106.8902388
"116",2004,3,34.25598455,-106.88731
"116",2004,3,34.25598455,-106.8902388
"116",2004,3,34.25604144,-106.88731
"116",2004,3,34.25604144,-106.8902388
"116",2005,0,34.25598455,-106.88731
"116",2005,0,34.25598455,-106.8902388
"116",2005,0,34.25604144,-106.88731
"116",2005,0,34.25604144,-106.8902388
"116",2003,2,34.25598455,-106.88731
"116",2003,2,34.25598455,-106.8902388
"116",2003,2,34.25604144,-106.88731
"116",2003,2,34.25604144,-106.8902388
"116",2013,0,34.25598455,-106.88731
"116",2013,0,34.25598455,-106.8902388
"116",2013,0,34.25604144,-106.88731
"116",2013,0,34.25604144,-106.8902388
"116",2018,0,34.25598455,-106.88731
"116",2018,0,34.25598455,-106.8902388
"116",2018,0,34.25604144,-106.88731
"116",2018,0,34.25604144,-106.8902388
"116",2015,0,34.25598455,-106.88731
"116",2015,0,34.25598455,-106.8902388
"116",2015,0,34.25604144,-106.88731
"116",2015,0,34.25604144,-106.8902388
"116",2016,0,34.25598455,-106.88731
"116",2016,0,34.25598455,-106.8902388
"116",2016,0,34.25604144,-106.88731
"116",2016,0,34.25604144,-106.8902388
"116",2012,0,34.25598455,-106.88731
"116",2012,0,34.25598455,-106.8902388
"116",2012,0,34.25604144,-106.88731
"116",2012,0,34.25604144,-106.8902388
"116",2017,0,34.25598455,-106.88731
"116",2017,0,34.25598455,-106.8902388
"116",2017,0,34.25604144,-106.88731
"116",2017,0,34.25604144,-106.8902388
"116",2006,0,34.25598455,-106.88731
"116",2006,0,34.25598455,-106.8902388
"116",2006,0,34.25604144,-106.88731
"116",2006,0,34.25604144,-106.8902388
"117",2015,0,34.25855357,-106.8734605
"117",2017,0,34.25855357,-106.8734605
"117",2014,0,34.25855357,-106.8734605
"117",2003,2,34.25855357,-106.8734605
"117",2008,0,34.25855357,-106.8734605
"117",2004,1,34.25855357,-106.8734605
"117",2009,0,34.25855357,-106.8734605
"117",2011,0,34.25855357,-106.8734605
"117",2013,0,34.25855357,-106.8734605
"117",2006,0,34.25855357,-106.8734605
"117",2016,0,34.25855357,-106.8734605
"117",2018,0,34.25855357,-106.8734605
"117",2007,0,34.25855357,-106.8734605
"117",2012,0,34.25855357,-106.8734605
"117",2005,0,34.25855357,-106.8734605
"117",2010,0,34.25855357,-106.8734605
"118",2009,0,34.26054066,-106.8617198
"118",2015,0,34.26054066,-106.8617198
"118",2014,0,34.26054066,-106.8617198
"118",2003,2,34.26054066,-106.8617198
"118",2017,0,34.26054066,-106.8617198
"118",2011,0,34.26054066,-106.8617198
"118",2013,0,34.26054066,-106.8617198
"118",2008,0,34.26054066,-106.8617198
"118",2016,0,34.26054066,-106.8617198
"118",2018,0,34.26054066,-106.8617198
"118",2007,0,34.26054066,-106.8617198
"118",2004,1,34.26054066,-106.8617198
"118",2010,0,34.26054066,-106.8617198
"118",2012,0,34.26054066,-106.8617198
"118",2006,0,34.26054066,-106.8617198
"118",2005,0,34.26054066,-106.8617198
"119",2011,0,34.27429349,-106.8576385
"119",2017,0,34.27429349,-106.8576385
"119",2016,0,34.27429349,-106.8576385
"119",2013,0,34.27429349,-106.8576385
"119",2009,0,34.27429349,-106.8576385
"119",2004,1,34.27429349,-106.8576385
"119",2015,0,34.27429349,-106.8576385
"119",2018,0,34.27429349,-106.8576385
"119",2003,1,34.27429349,-106.8576385
"119",2014,0,34.27429349,-106.8576385
"119",2010,0,34.27429349,-106.8576385
"119",2005,0,34.27429349,-106.8576385
"119",2008,0,34.27429349,-106.8576385
"119",2006,0,34.27429349,-106.8576385
"119",2007,0,34.27429349,-106.8576385
"119",2012,0,34.27429349,-106.8576385
"120",2006,0,34.28114203,-106.8412361
"120",2010,0,34.28114203,-106.8412361
"120",2009,0,34.28114203,-106.8412361
"120",2003,1,34.28114203,-106.8412361
"120",2004,1,34.28114203,-106.8412361
"120",2017,0,34.28114203,-106.8412361
"120",2005,0,34.28114203,-106.8412361
"120",2008,0,34.28114203,-106.8412361
"120",2016,0,34.28114203,-106.8412361
"120",2007,0,34.28114203,-106.8412361
"120",2014,0,34.28114203,-106.8412361
"120",2011,0,34.28114203,-106.8412361
"120",2015,0,34.28114203,-106.8412361
"120",2018,0,34.28114203,-106.8412361
"120",2013,0,34.28114203,-106.8412361
"120",2012,0,34.28114203,-106.8412361
"121",2008,0,34.29522919,-106.8431751
"121",2009,0,34.29522919,-106.8431751
"121",2004,1,34.29522919,-106.8431751
"121",2006,0,34.29522919,-106.8431751
"121",2005,0,34.29522919,-106.8431751
"121",2014,0,34.29522919,-106.8431751
"121",2016,0,34.29522919,-106.8431751
"121",2007,0,34.29522919,-106.8431751
"121",2012,0,34.29522919,-106.8431751
"121",2011,0,34.29522919,-106.8431751
"121",2003,1,34.29522919,-106.8431751
"121",2015,0,34.29522919,-106.8431751
"121",2013,0,34.29522919,-106.8431751
"121",2018,0,34.29522919,-106.8431751
"121",2017,0,34.29522919,-106.8431751
"121",2010,0,34.29522919,-106.8431751
"122",2003,1,34.30843206,-106.850945
"122",2006,0,34.30843206,-106.850945
"122",2008,0,34.30843206,-106.850945
"122",2014,0,34.30843206,-106.850945
"122",2004,1,34.30843206,-106.850945
"122",2007,0,34.30843206,-106.850945
"122",2011,0,34.30843206,-106.850945
"122",2017,0,34.30843206,-106.850945
"122",2009,0,34.30843206,-106.850945
"122",2010,0,34.30843206,-106.850945
"122",2012,0,34.30843206,-106.850945
"122",2018,0,34.30843206,-106.850945
"122",2005,0,34.30843206,-106.850945
"122",2015,0,34.30843206,-106.850945
"122",2013,0,34.30843206,-106.850945
"122",2016,0,34.30843206,-106.850945
"123",2008,0,34.32277139,-106.8556655
"123",2014,0,34.32277139,-106.8556655
"123",2006,0,34.32277139,-106.8556655
"123",2013,0,34.32277139,-106.8556655
"123",2012,0,34.32277139,-106.8556655
"123",2011,0,34.32277139,-106.8556655
"123",2009,0,34.32277139,-106.8556655
"123",2010,0,34.32277139,-106.8556655
"123",2004,1,34.32277139,-106.8556655
"123",2007,0,34.32277139,-106.8556655
"123",2005,0,34.32277139,-106.8556655
"123",2015,0,34.32277139,-106.8556655
"123",2016,0,34.32277139,-106.8556655
"123",2018,0,34.32277139,-106.8556655
"123",2017,0,34.32277139,-106.8556655
"123",2003,1,34.32277139,-106.8556655
"124",2010,0,34.33743223,-106.8603614
"124",2012,0,34.33743223,-106.8603614
"124",2014,0,34.33743223,-106.8603614
"124",2003,1,34.33743223,-106.8603614
"124",2015,0,34.33743223,-106.8603614
"124",2005,0,34.33743223,-106.8603614
"124",2016,0,34.33743223,-106.8603614
"124",2017,0,34.33743223,-106.8603614
"124",2006,0,34.33743223,-106.8603614
"124",2004,1,34.33743223,-106.8603614
"124",2018,0,34.33743223,-106.8603614
"124",2009,0,34.33743223,-106.8603614
"124",2011,0,34.33743223,-106.8603614
"124",2008,0,34.33743223,-106.8603614
"124",2007,0,34.33743223,-106.8603614
"124",2013,0,34.33743223,-106.8603614
"125",2015,0,34.3514649,-106.8546452
"125",2014,0,34.3514649,-106.8546452
"125",2009,0,34.3514649,-106.8546452
"125",2005,0,34.3514649,-106.8546452
"125",2017,0,34.3514649,-106.8546452
"125",2012,0,34.3514649,-106.8546452
"125",2003,1,34.3514649,-106.8546452
"125",2010,0,34.3514649,-106.8546452
"125",2016,0,34.3514649,-106.8546452
"125",2006,0,34.3514649,-106.8546452
"125",2008,0,34.3514649,-106.8546452
"125",2004,1,34.3514649,-106.8546452
"125",2018,0,34.3514649,-106.8546452
"125",2011,0,34.3514649,-106.8546452
"125",2013,0,34.3514649,-106.8546452
"125",2007,0,34.3514649,-106.8546452
"126",2003,1,34.36502523,-106.845808
"126",2009,0,34.36502523,-106.845808
"126",2012,0,34.36502523,-106.845808
"126",2006,0,34.36502523,-106.845808
"126",2008,0,34.36502523,-106.845808
"126",2014,0,34.36502523,-106.845808
"126",2017,0,34.36502523,-106.845808
"126",2011,0,34.36502523,-106.845808
"126",2013,0,34.36502523,-106.845808
"126",2005,0,34.36502523,-106.845808
"126",2018,0,34.36502523,-106.845808
"126",2016,0,34.36502523,-106.845808
"126",2010,0,34.36502523,-106.845808
"126",2015,0,34.36502523,-106.845808
"126",2004,1,34.36502523,-106.845808
"126",2007,0,34.36502523,-106.845808
"127",2012,0,34.37685,-106.8353219
"127",2003,1,34.37685,-106.8353219
"127",2006,0,34.37685,-106.8353219
"127",2008,0,34.37685,-106.8353219
"127",2005,0,34.37685,-106.8353219
"127",2011,0,34.37685,-106.8353219
"127",2009,0,34.37685,-106.8353219
"127",2010,0,34.37685,-106.8353219
"127",2007,0,34.37685,-106.8353219
"127",2014,0,34.37685,-106.8353219
"127",2018,0,34.37685,-106.8353219
"127",2015,0,34.37685,-106.8353219
"127",2013,0,34.37685,-106.8353219
"127",2017,0,34.37685,-106.8353219
"127",2004,1,34.37685,-106.8353219
"127",2016,0,34.37685,-106.8353219
"128",2012,0,34.38803856,-106.8283556
"128",2007,0,34.38803856,-106.8283556
"128",2010,0,34.38803856,-106.8283556
"128",2018,0,34.38803856,-106.8283556
"128",2006,0,34.38803856,-106.8283556
"128",2009,0,34.38803856,-106.8283556
"128",2017,0,34.38803856,-106.8283556
"128",2014,0,34.38803856,-106.8283556
"128",2011,0,34.38803856,-106.8283556
"128",2016,0,34.38803856,-106.8283556
"128",2003,0,34.38803856,-106.8283556
"128",2004,0,34.38803856,-106.8283556
"128",2005,0,34.38803856,-106.8283556
"128",2008,0,34.38803856,-106.8283556
"128",2013,0,34.38803856,-106.8283556
"128",2015,0,34.38803856,-106.8283556
"129",2010,0,34.39830466,-106.8162769
"129",2014,0,34.39830466,-106.8162769
"129",2009,0,34.39830466,-106.8162769
"129",2015,0,34.39830466,-106.8162769
"129",2003,0,34.39830466,-106.8162769
"129",2007,0,34.39830466,-106.8162769
"129",2012,0,34.39830466,-106.8162769
"129",2016,0,34.39830466,-106.8162769
"129",2006,0,34.39830466,-106.8162769
"129",2017,0,34.39830466,-106.8162769
"129",2011,0,34.39830466,-106.8162769
"129",2008,0,34.39830466,-106.8162769
"129",2018,0,34.39830466,-106.8162769
"129",2005,0,34.39830466,-106.8162769
"129",2013,0,34.39830466,-106.8162769
"129",2004,0,34.39830466,-106.8162769
"130",2010,0,34.40898756,-106.8040677
"130",2009,0,34.40898756,-106.8040677
"130",2016,0,34.40898756,-106.8040677
"130",2003,0,34.40898756,-106.8040677
"130",2011,0,34.40898756,-106.8040677
"130",2015,0,34.40898756,-106.8040677
"130",2006,0,34.40898756,-106.8040677
"130",2007,0,34.40898756,-106.8040677
"130",2014,0,34.40898756,-106.8040677
"130",2012,0,34.40898756,-106.8040677
"130",2018,0,34.40898756,-106.8040677
"130",2005,0,34.40898756,-106.8040677
"130",2017,0,34.40898756,-106.8040677
"130",2008,1,34.40898756,-106.8040677
"130",2013,0,34.40898756,-106.8040677
"130",2004,0,34.40898756,-106.8040677
"131",2009,0,34.42284946,-106.7996324
"131",2009,0,34.42284946,-106.8000704
"131",2009,0,34.41746167,-106.7996324
"131",2009,0,34.41746167,-106.8000704
"131",2005,0,34.42284946,-106.7996324
"131",2005,0,34.42284946,-106.8000704
"131",2005,0,34.41746167,-106.7996324
"131",2005,0,34.41746167,-106.8000704
"131",2011,0,34.42284946,-106.7996324
"131",2011,0,34.42284946,-106.8000704
"131",2011,0,34.41746167,-106.7996324
"131",2011,0,34.41746167,-106.8000704
"131",2013,0,34.42284946,-106.7996324
"131",2013,0,34.42284946,-106.8000704
"131",2013,0,34.41746167,-106.7996324
"131",2013,0,34.41746167,-106.8000704
"131",2015,0,34.42284946,-106.7996324
"131",2015,0,34.42284946,-106.8000704
"131",2015,0,34.41746167,-106.7996324
"131",2015,0,34.41746167,-106.8000704
"131",2003,0,34.42284946,-106.7996324
"131",2003,0,34.42284946,-106.8000704
"131",2003,0,34.41746167,-106.7996324
"131",2003,0,34.41746167,-106.8000704
"131",2014,0,34.42284946,-106.7996324
"131",2014,0,34.42284946,-106.8000704
"131",2014,0,34.41746167,-106.7996324
"131",2014,0,34.41746167,-106.8000704
"131",2012,0,34.42284946,-106.7996324
"131",2012,0,34.42284946,-106.8000704
"131",2012,0,34.41746167,-106.7996324
"131",2012,0,34.41746167,-106.8000704
"131",2006,0,34.42284946,-106.7996324
"131",2006,0,34.42284946,-106.8000704
"131",2006,0,34.41746167,-106.7996324
"131",2006,0,34.41746167,-106.8000704
"131",2016,0,34.42284946,-106.7996324
"131",2016,0,34.42284946,-106.8000704
"131",2016,0,34.41746167,-106.7996324
"131",2016,0,34.41746167,-106.8000704
"131",2017,0,34.42284946,-106.7996324
"131",2017,0,34.42284946,-106.8000704
"131",2017,0,34.41746167,-106.7996324
"131",2017,0,34.41746167,-106.8000704
"131",2010,0,34.42284946,-106.7996324
"131",2010,0,34.42284946,-106.8000704
"131",2010,0,34.41746167,-106.7996324
"131",2010,0,34.41746167,-106.8000704
"131",2004,0,34.42284946,-106.7996324
"131",2004,0,34.42284946,-106.8000704
"131",2004,0,34.41746167,-106.7996324
"131",2004,0,34.41746167,-106.8000704
"131",2007,0,34.42284946,-106.7996324
"131",2007,0,34.42284946,-106.8000704
"131",2007,0,34.41746167,-106.7996324
"131",2007,0,34.41746167,-106.8000704
"131",2008,1,34.42284946,-106.7996324
"131",2008,1,34.42284946,-106.8000704
"131",2008,1,34.41746167,-106.7996324
"131",2008,1,34.41746167,-106.8000704
"131",2018,0,34.42284946,-106.7996324
"131",2018,0,34.42284946,-106.8000704
"131",2018,0,34.41746167,-106.7996324
"131",2018,0,34.41746167,-106.8000704
"132",2017,0,34.43691196,-106.8022864
"132",2015,0,34.43691196,-106.8022864
"132",2005,0,34.43691196,-106.8022864
"132",2016,0,34.43691196,-106.8022864
"132",2014,0,34.43691196,-106.8022864
"132",2018,0,34.43691196,-106.8022864
"132",2013,0,34.43691196,-106.8022864
"132",2008,1,34.43691196,-106.8022864
"132",2006,0,34.43691196,-106.8022864
"132",2012,32,34.43691196,-106.8022864
"132",2007,0,34.43691196,-106.8022864
"132",2010,0,34.43691196,-106.8022864
"132",2011,0,34.43691196,-106.8022864
"132",2009,0,34.43691196,-106.8022864
"132",2004,9,34.43691196,-106.8022864
"132",2003,0,34.43691196,-106.8022864
"133",2014,0,34.45064912,-106.80242
"133",2005,0,34.45064912,-106.80242
"133",2017,0,34.45064912,-106.80242
"133",2013,23,34.45064912,-106.80242
"133",2010,0,34.45064912,-106.80242
"133",2008,1,34.45064912,-106.80242
"133",2015,0,34.45064912,-106.80242
"133",2018,2,34.45064912,-106.80242
"133",2004,9,34.45064912,-106.80242
"133",2012,89,34.45064912,-106.80242
"133",2009,0,34.45064912,-106.80242
"133",2007,0,34.45064912,-106.80242
"133",2006,0,34.45064912,-106.80242
"133",2003,0,34.45064912,-106.80242
"133",2011,0,34.45064912,-106.80242
"133",2016,0,34.45064912,-106.80242
"134",2013,18,34.46352291,-106.8002773
"134",2007,0,34.46352291,-106.8002773
"134",2012,89,34.46352291,-106.8002773
"134",2014,0,34.46352291,-106.8002773
"134",2010,0,34.46352291,-106.8002773
"134",2006,0,34.46352291,-106.8002773
"134",2017,0,34.46352291,-106.8002773
"134",2004,9,34.46352291,-106.8002773
"134",2011,0,34.46352291,-106.8002773
"134",2009,0,34.46352291,-106.8002773
"134",2015,0,34.46352291,-106.8002773
"134",2008,1,34.46352291,-106.8002773
"134",2005,0,34.46352291,-106.8002773
"134",2003,0,34.46352291,-106.8002773
"134",2018,2,34.46352291,-106.8002773
"134",2016,0,34.46352291,-106.8002773
"135",2016,0,34.47691237,-106.8034553
"135",2010,0,34.47691237,-106.8034553
"135",2009,0,34.47691237,-106.8034553
"135",2014,0,34.47691237,-106.8034553
"135",2015,0,34.47691237,-106.8034553
"135",2013,12,34.47691237,-106.8034553
"135",2012,85,34.47691237,-106.8034553
"135",2006,0,34.47691237,-106.8034553
"135",2005,0,34.47691237,-106.8034553
"135",2007,0,34.47691237,-106.8034553
"135",2008,0,34.47691237,-106.8034553
"135",2011,0,34.47691237,-106.8034553
"135",2003,0,34.47691237,-106.8034553
"135",2017,0,34.47691237,-106.8034553
"135",2018,0,34.47691237,-106.8034553
"135",2004,8,34.47691237,-106.8034553
"136",2014,0,34.49017384,-106.7974145
"136",2006,0,34.49017384,-106.7974145
"136",2012,77,34.49017384,-106.7974145
"136",2009,0,34.49017384,-106.7974145
"136",2011,0,34.49017384,-106.7974145
"136",2015,0,34.49017384,-106.7974145
"136",2016,0,34.49017384,-106.7974145
"136",2010,0,34.49017384,-106.7974145
"136",2008,0,34.49017384,-106.7974145
"136",2004,3,34.49017384,-106.7974145
"136",2018,0,34.49017384,-106.7974145
"136",2013,1,34.49017384,-106.7974145
"136",2017,0,34.49017384,-106.7974145
"136",2007,0,34.49017384,-106.7974145
"136",2003,0,34.49017384,-106.7974145
"136",2005,0,34.49017384,-106.7974145
"137",2014,0,34.50350362,-106.7920191
"137",2008,0,34.50350362,-106.7920191
"137",2017,0,34.50350362,-106.7920191
"137",2012,62,34.50350362,-106.7920191
"137",2016,0,34.50350362,-106.7920191
"137",2010,0,34.50350362,-106.7920191
"137",2013,1,34.50350362,-106.7920191
"137",2011,0,34.50350362,-106.7920191
"137",2009,0,34.50350362,-106.7920191
"137",2006,0,34.50350362,-106.7920191
"137",2005,0,34.50350362,-106.7920191
"137",2004,2,34.50350362,-106.7920191
"137",2003,0,34.50350362,-106.7920191
"137",2015,0,34.50350362,-106.7920191
"137",2007,0,34.50350362,-106.7920191
"137",2018,0,34.50350362,-106.7920191
"138",2010,0,34.51753036,-106.7942628
"138",2017,0,34.51753036,-106.7942628
"138",2014,0,34.51753036,-106.7942628
"138",2016,0,34.51753036,-106.7942628
"138",2013,1,34.51753036,-106.7942628
"138",2012,22,34.51753036,-106.7942628
"138",2009,0,34.51753036,-106.7942628
"138",2005,0,34.51753036,-106.7942628
"138",2011,0,34.51753036,-106.7942628
"138",2004,1,34.51753036,-106.7942628
"138",2003,0,34.51753036,-106.7942628
"138",2008,0,34.51753036,-106.7942628
"138",2006,0,34.51753036,-106.7942628
"138",2007,0,34.51753036,-106.7942628
"138",2015,0,34.51753036,-106.7942628
"138",2018,0,34.51753036,-106.7942628
"139",2017,0,34.5273747,-106.7844467
"139",2012,0,34.5273747,-106.7844467
"139",2003,0,34.5273747,-106.7844467
"139",2016,0,34.5273747,-106.7844467
"139",2014,0,34.5273747,-106.7844467
"139",2005,0,34.5273747,-106.7844467
"139",2010,0,34.5273747,-106.7844467
"139",2006,0,34.5273747,-106.7844467
"139",2018,0,34.5273747,-106.7844467
"139",2008,0,34.5273747,-106.7844467
"139",2013,1,34.5273747,-106.7844467
"139",2009,0,34.5273747,-106.7844467
"139",2011,0,34.5273747,-106.7844467
"139",2015,0,34.5273747,-106.7844467
"139",2004,1,34.5273747,-106.7844467
"139",2007,0,34.5273747,-106.7844467
"140",2003,0,34.53563775,-106.7704401
"140",2017,0,34.53563775,-106.7704401
"140",2008,0,34.53563775,-106.7704401
"140",2016,0,34.53563775,-106.7704401
"140",2009,0,34.53563775,-106.7704401
"140",2012,0,34.53563775,-106.7704401
"140",2015,0,34.53563775,-106.7704401
"140",2014,0,34.53563775,-106.7704401
"140",2005,0,34.53563775,-106.7704401
"140",2006,0,34.53563775,-106.7704401
"140",2018,0,34.53563775,-106.7704401
"140",2010,0,34.53563775,-106.7704401
"140",2004,1,34.53563775,-106.7704401
"140",2011,0,34.53563775,-106.7704401
"140",2013,1,34.53563775,-106.7704401
"140",2007,0,34.53563775,-106.7704401
"141",2009,0,34.54758637,-106.7636449
"141",2014,0,34.54758637,-106.7636449
"141",2005,0,34.54758637,-106.7636449
"141",2003,0,34.54758637,-106.7636449
"141",2008,0,34.54758637,-106.7636449
"141",2010,0,34.54758637,-106.7636449
"141",2015,0,34.54758637,-106.7636449
"141",2012,0,34.54758637,-106.7636449
"141",2006,0,34.54758637,-106.7636449
"141",2013,1,34.54758637,-106.7636449
"141",2018,0,34.54758637,-106.7636449
"141",2011,0,34.54758637,-106.7636449
"141",2007,0,34.54758637,-106.7636449
"141",2004,0,34.54758637,-106.7636449
"141",2016,0,34.54758637,-106.7636449
"141",2017,0,34.54758637,-106.7636449
"142",2012,0,34.56049655,-106.7689846
"142",2009,0,34.56049655,-106.7689846
"142",2010,0,34.56049655,-106.7689846
"142",2016,0,34.56049655,-106.7689846
"142",2014,0,34.56049655,-106.7689846
"142",2003,0,34.56049655,-106.7689846
"142",2018,0,34.56049655,-106.7689846
"142",2013,1,34.56049655,-106.7689846
"142",2015,0,34.56049655,-106.7689846
"142",2017,0,34.56049655,-106.7689846
"142",2011,0,34.56049655,-106.7689846
"142",2006,0,34.56049655,-106.7689846
"142",2007,0,34.56049655,-106.7689846
"142",2004,0,34.56049655,-106.7689846
"142",2005,0,34.56049655,-106.7689846
"142",2008,0,34.56049655,-106.7689846
"143",2009,0,34.57389213,-106.7692113
"143",2012,0,34.57389213,-106.7692113
"143",2007,0,34.57389213,-106.7692113
"143",2003,0,34.57389213,-106.7692113
"143",2006,0,34.57389213,-106.7692113
"143",2016,0,34.57389213,-106.7692113
"143",2015,0,34.57389213,-106.7692113
"143",2014,0,34.57389213,-106.7692113
"143",2011,0,34.57389213,-106.7692113
"143",2017,0,34.57389213,-106.7692113
"143",2018,0,34.57389213,-106.7692113
"143",2010,0,34.57389213,-106.7692113
"143",2005,0,34.57389213,-106.7692113
"143",2013,1,34.57389213,-106.7692113
"143",2008,0,34.57389213,-106.7692113
"143",2004,0,34.57389213,-106.7692113
"144",2009,0,34.58508893,-106.7591735
"144",2006,0,34.58508893,-106.7591735
"144",2003,0,34.58508893,-106.7591735
"144",2011,0,34.58508893,-106.7591735
"144",2015,0,34.58508893,-106.7591735
"144",2008,0,34.58508893,-106.7591735
"144",2016,0,34.58508893,-106.7591735
"144",2012,0,34.58508893,-106.7591735
"144",2013,1,34.58508893,-106.7591735
"144",2014,0,34.58508893,-106.7591735
"144",2017,0,34.58508893,-106.7591735
"144",2007,0,34.58508893,-106.7591735
"144",2010,0,34.58508893,-106.7591735
"144",2018,0,34.58508893,-106.7591735
"144",2004,0,34.58508893,-106.7591735
"144",2005,0,34.58508893,-106.7591735
"145",2009,0,34.59408511,-106.7460169
"145",2014,0,34.59408511,-106.7460169
"145",2011,0,34.59408511,-106.7460169
"145",2010,0,34.59408511,-106.7460169
"145",2008,0,34.59408511,-106.7460169
"145",2012,0,34.59408511,-106.7460169
"145",2013,1,34.59408511,-106.7460169
"145",2007,0,34.59408511,-106.7460169
"145",2017,0,34.59408511,-106.7460169
"145",2003,0,34.59408511,-106.7460169
"145",2006,0,34.59408511,-106.7460169
"145",2016,0,34.59408511,-106.7460169
"145",2015,0,34.59408511,-106.7460169
"145",2005,0,34.59408511,-106.7460169
"145",2004,0,34.59408511,-106.7460169
"145",2018,0,34.59408511,-106.7460169
"146",2004,0,34.60742498,-106.7467223
"146",2014,0,34.60742498,-106.7467223
"146",2012,0,34.60742498,-106.7467223
"146",2013,1,34.60742498,-106.7467223
"146",2018,0,34.60742498,-106.7467223
"146",2015,0,34.60742498,-106.7467223
"146",2017,0,34.60742498,-106.7467223
"146",2006,0,34.60742498,-106.7467223
"146",2010,0,34.60742498,-106.7467223
"146",2005,0,34.60742498,-106.7467223
"146",2003,0,34.60742498,-106.7467223
"146",2011,0,34.60742498,-106.7467223
"146",2008,0,34.60742498,-106.7467223
"146",2009,0,34.60742498,-106.7467223
"146",2016,0,34.60742498,-106.7467223
"146",2007,0,34.60742498,-106.7467223
"147",2017,0,34.62109197,-106.7520572
"147",2011,0,34.62109197,-106.7520572
"147",2008,0,34.62109197,-106.7520572
"147",2004,0,34.62109197,-106.7520572
"147",2016,0,34.62109197,-106.7520572
"147",2012,0,34.62109197,-106.7520572
"147",2018,0,34.62109197,-106.7520572
"147",2003,0,34.62109197,-106.7520572
"147",2009,0,34.62109197,-106.7520572
"147",2015,0,34.62109197,-106.7520572
"147",2010,0,34.62109197,-106.7520572
"147",2013,1,34.62109197,-106.7520572
"147",2014,0,34.62109197,-106.7520572
"147",2005,0,34.62109197,-106.7520572
"147",2006,0,34.62109197,-106.7520572
"147",2007,0,34.62109197,-106.7520572
"148",2004,0,34.63373463,-106.7449941
"148",2017,0,34.63373463,-106.7449941
"148",2015,0,34.63373463,-106.7449941
"148",2010,0,34.63373463,-106.7449941
"148",2008,0,34.63373463,-106.7449941
"148",2009,0,34.63373463,-106.7449941
"148",2011,0,34.63373463,-106.7449941
"148",2012,0,34.63373463,-106.7449941
"148",2014,0,34.63373463,-106.7449941
"148",2003,0,34.63373463,-106.7449941
"148",2006,0,34.63373463,-106.7449941
"148",2013,1,34.63373463,-106.7449941
"148",2005,0,34.63373463,-106.7449941
"148",2016,0,34.63373463,-106.7449941
"148",2007,0,34.63373463,-106.7449941
"148",2018,0,34.63373463,-106.7449941
"149",2012,0,34.64576194,-106.7364355
"149",2015,0,34.64576194,-106.7364355
"149",2011,0,34.64576194,-106.7364355
"149",2010,0,34.64576194,-106.7364355
"149",2003,0,34.64576194,-106.7364355
"149",2018,0,34.64576194,-106.7364355
"149",2013,1,34.64576194,-106.7364355
"149",2009,0,34.64576194,-106.7364355
"149",2008,3,34.64576194,-106.7364355
"149",2006,0,34.64576194,-106.7364355
"149",2004,0,34.64576194,-106.7364355
"149",2017,0,34.64576194,-106.7364355
"149",2005,0,34.64576194,-106.7364355
"149",2016,0,34.64576194,-106.7364355
"149",2014,0,34.64576194,-106.7364355
"149",2007,0,34.64576194,-106.7364355
"150",2012,0,34.65887212,-106.7423767
"150",2012,0,34.65887212,-106.7379678
"150",2012,0,34.65279436,-106.7423767
"150",2012,0,34.65279436,-106.7379678
"150",2004,0,34.65887212,-106.7423767
"150",2004,0,34.65887212,-106.7379678
"150",2004,0,34.65279436,-106.7423767
"150",2004,0,34.65279436,-106.7379678
"150",2003,0,34.65887212,-106.7423767
"150",2003,0,34.65887212,-106.7379678
"150",2003,0,34.65279436,-106.7423767
"150",2003,0,34.65279436,-106.7379678
"150",2018,0,34.65887212,-106.7423767
"150",2018,0,34.65887212,-106.7379678
"150",2018,0,34.65279436,-106.7423767
"150",2018,0,34.65279436,-106.7379678
"150",2015,0,34.65887212,-106.7423767
"150",2015,0,34.65887212,-106.7379678
"150",2015,0,34.65279436,-106.7423767
"150",2015,0,34.65279436,-106.7379678
"150",2013,1,34.65887212,-106.7423767
"150",2013,1,34.65887212,-106.7379678
"150",2013,1,34.65279436,-106.7423767
"150",2013,1,34.65279436,-106.7379678
"150",2017,0,34.65887212,-106.7423767
"150",2017,0,34.65887212,-106.7379678
"150",2017,0,34.65279436,-106.7423767
"150",2017,0,34.65279436,-106.7379678
"150",2008,1,34.65887212,-106.7423767
"150",2008,1,34.65887212,-106.7379678
"150",2008,1,34.65279436,-106.7423767
"150",2008,1,34.65279436,-106.7379678
"150",2009,0,34.65887212,-106.7423767
"150",2009,0,34.65887212,-106.7379678
"150",2009,0,34.65279436,-106.7423767
"150",2009,0,34.65279436,-106.7379678
"150",2010,0,34.65887212,-106.7423767
"150",2010,0,34.65887212,-106.7379678
"150",2010,0,34.65279436,-106.7423767
"150",2010,0,34.65279436,-106.7379678
"150",2007,0,34.65887212,-106.7423767
"150",2007,0,34.65887212,-106.7379678
"150",2007,0,34.65279436,-106.7423767
"150",2007,0,34.65279436,-106.7379678
"150",2014,0,34.65887212,-106.7423767
"150",2014,0,34.65887212,-106.7379678
"150",2014,0,34.65279436,-106.7423767
"150",2014,0,34.65279436,-106.7379678
"150",2016,0,34.65887212,-106.7423767
"150",2016,0,34.65887212,-106.7379678
"150",2016,0,34.65279436,-106.7423767
"150",2016,0,34.65279436,-106.7379678
"150",2006,0,34.65887212,-106.7423767
"150",2006,0,34.65887212,-106.7379678
"150",2006,0,34.65279436,-106.7423767
"150",2006,0,34.65279436,-106.7379678
"150",2005,0,34.65887212,-106.7423767
"150",2005,0,34.65887212,-106.7379678
"150",2005,0,34.65279436,-106.7423767
"150",2005,0,34.65279436,-106.7379678
"150",2011,0,34.65887212,-106.7423767
"150",2011,0,34.65887212,-106.7379678
"150",2011,0,34.65279436,-106.7423767
"150",2011,0,34.65279436,-106.7379678
"151",2010,0,34.67142267,-106.7466259
"151",2013,7,34.67142267,-106.7466259
"151",2012,70,34.67142267,-106.7466259
"151",2006,0,34.67142267,-106.7466259
"151",2003,0,34.67142267,-106.7466259
"151",2004,0,34.67142267,-106.7466259
"151",2015,0,34.67142267,-106.7466259
"151",2018,12,34.67142267,-106.7466259
"151",2017,0,34.67142267,-106.7466259
"151",2016,7,34.67142267,-106.7466259
"151",2009,0,34.67142267,-106.7466259
"151",2011,0,34.67142267,-106.7466259
"151",2014,0,34.67142267,-106.7466259
"151",2008,1,34.67142267,-106.7466259
"151",2007,0,34.67142267,-106.7466259
"151",2005,0,34.67142267,-106.7466259
"152",2010,42,34.68455148,-106.7426232
"152",2018,72,34.68455148,-106.7426232
"152",2006,7,34.68455148,-106.7426232
"152",2012,105,34.68455148,-106.7426232
"152",2004,38,34.68455148,-106.7426232
"152",2015,38,34.68455148,-106.7426232
"152",2014,23,34.68455148,-106.7426232
"152",2009,0,34.68455148,-106.7426232
"152",2011,75,34.68455148,-106.7426232
"152",2016,44,34.68455148,-106.7426232
"152",2013,34,34.68455148,-106.7426232
"152",2008,1,34.68455148,-106.7426232
"152",2003,0,34.68455148,-106.7426232
"152",2005,3,34.68455148,-106.7426232
"152",2017,14,34.68455148,-106.7426232
"152",2007,64,34.68455148,-106.7426232
"153",2012,108,34.69772153,-106.7477532
"153",2005,2,34.69772153,-106.7477532
"153",2009,0,34.69772153,-106.7477532
"153",2015,39,34.69772153,-106.7477532
"153",2014,23,34.69772153,-106.7477532
"153",2003,0,34.69772153,-106.7477532
"153",2013,38,34.69772153,-106.7477532
"153",2008,0,34.69772153,-106.7477532
"153",2006,7,34.69772153,-106.7477532
"153",2004,38,34.69772153,-106.7477532
"153",2016,53,34.69772153,-106.7477532
"153",2018,71,34.69772153,-106.7477532
"153",2007,49,34.69772153,-106.7477532
"153",2011,74,34.69772153,-106.7477532
"153",2010,45,34.69772153,-106.7477532
"153",2017,14,34.69772153,-106.7477532
"154",2010,46,34.71101946,-106.7498065
"154",2014,21,34.71101946,-106.7498065
"154",2008,0,34.71101946,-106.7498065
"154",2004,38,34.71101946,-106.7498065
"154",2005,2,34.71101946,-106.7498065
"154",2018,68,34.71101946,-106.7498065
"154",2009,0,34.71101946,-106.7498065
"154",2003,0,34.71101946,-106.7498065
"154",2012,105,34.71101946,-106.7498065
"154",2015,37,34.71101946,-106.7498065
"154",2013,37,34.71101946,-106.7498065
"154",2011,73,34.71101946,-106.7498065
"154",2017,9,34.71101946,-106.7498065
"154",2016,53,34.71101946,-106.7498065
"154",2007,46,34.71101946,-106.7498065
"154",2006,7,34.71101946,-106.7498065
"155",2005,2,34.72237445,-106.7405729
"155",2004,35,34.72237445,-106.7405729
"155",2010,46,34.72237445,-106.7405729
"155",2009,0,34.72237445,-106.7405729
"155",2011,63,34.72237445,-106.7405729
"155",2017,0,34.72237445,-106.7405729
"155",2018,49,34.72237445,-106.7405729
"155",2008,0,34.72237445,-106.7405729
"155",2014,1,34.72237445,-106.7405729
"155",2003,0,34.72237445,-106.7405729
"155",2012,104,34.72237445,-106.7405729
"155",2016,51,34.72237445,-106.7405729
"155",2013,35,34.72237445,-106.7405729
"155",2015,36,34.72237445,-106.7405729
"155",2006,3,34.72237445,-106.7405729
"155",2007,44,34.72237445,-106.7405729
"156",2009,0,34.73534916,-106.7419093
"156",2013,30,34.73534916,-106.7419093
"156",2010,38,34.73534916,-106.7419093
"156",2012,103,34.73534916,-106.7419093
"156",2018,23,34.73534916,-106.7419093
"156",2016,47,34.73534916,-106.7419093
"156",2011,57,34.73534916,-106.7419093
"156",2004,30,34.73534916,-106.7419093
"156",2015,20,34.73534916,-106.7419093
"156",2017,0,34.73534916,-106.7419093
"156",2014,0,34.73534916,-106.7419093
"156",2003,0,34.73534916,-106.7419093
"156",2008,0,34.73534916,-106.7419093
"156",2006,3,34.73534916,-106.7419093
"156",2007,31,34.73534916,-106.7419093
"156",2005,0,34.73534916,-106.7419093
"157",2012,102,34.74845897,-106.7428951
"157",2003,0,34.74845897,-106.7428951
"157",2004,29,34.74845897,-106.7428951
"157",2017,0,34.74845897,-106.7428951
"157",2013,21,34.74845897,-106.7428951
"157",2009,0,34.74845897,-106.7428951
"157",2018,14,34.74845897,-106.7428951
"157",2008,0,34.74845897,-106.7428951
"157",2005,0,34.74845897,-106.7428951
"157",2014,0,34.74845897,-106.7428951
"157",2015,7,34.74845897,-106.7428951
"157",2006,1,34.74845897,-106.7428951
"157",2016,41,34.74845897,-106.7428951
"157",2011,53,34.74845897,-106.7428951
"157",2010,33,34.74845897,-106.7428951
"157",2007,30,34.74845897,-106.7428951
"158",2004,29,34.76070194,-106.7356575
"158",2003,0,34.76070194,-106.7356575
"158",2017,0,34.76070194,-106.7356575
"158",2011,49,34.76070194,-106.7356575
"158",2009,0,34.76070194,-106.7356575
"158",2015,0,34.76070194,-106.7356575
"158",2005,0,34.76070194,-106.7356575
"158",2014,0,34.76070194,-106.7356575
"158",2018,1,34.76070194,-106.7356575
"158",2008,0,34.76070194,-106.7356575
"158",2010,29,34.76070194,-106.7356575
"158",2013,10,34.76070194,-106.7356575
"158",2007,27,34.76070194,-106.7356575
"158",2012,101,34.76070194,-106.7356575
"158",2016,34,34.76070194,-106.7356575
"158",2006,1,34.76070194,-106.7356575
"159",2004,29,34.77396705,-106.7323025
"159",2013,0,34.77396705,-106.7323025
"159",2011,45,34.77396705,-106.7323025
"159",2012,98,34.77396705,-106.7323025
"159",2010,21,34.77396705,-106.7323025
"159",2014,0,34.77396705,-106.7323025
"159",2017,0,34.77396705,-106.7323025
"159",2015,0,34.77396705,-106.7323025
"159",2018,0,34.77396705,-106.7323025
"159",2005,0,34.77396705,-106.7323025
"159",2007,19,34.77396705,-106.7323025
"159",2009,0,34.77396705,-106.7323025
"159",2006,1,34.77396705,-106.7323025
"159",2016,25,34.77396705,-106.7323025
"159",2003,0,34.77396705,-106.7323025
"159",2008,0,34.77396705,-106.7323025
"160",2004,28,34.78690209,-106.7260759
"160",2015,0,34.78690209,-106.7260759
"160",2012,97,34.78690209,-106.7260759
"160",2013,0,34.78690209,-106.7260759
"160",2009,0,34.78690209,-106.7260759
"160",2006,0,34.78690209,-106.7260759
"160",2010,12,34.78690209,-106.7260759
"160",2016,18,34.78690209,-106.7260759
"160",2007,10,34.78690209,-106.7260759
"160",2003,0,34.78690209,-106.7260759
"160",2017,0,34.78690209,-106.7260759
"160",2014,0,34.78690209,-106.7260759
"160",2005,0,34.78690209,-106.7260759
"160",2008,0,34.78690209,-106.7260759
"160",2011,39,34.78690209,-106.7260759
"160",2018,0,34.78690209,-106.7260759
"161",2015,0,34.79962299,-106.7181789
"161",2015,0,34.79962299,-106.7210958
"161",2015,0,34.80459077,-106.7181789
"161",2015,0,34.80459077,-106.7210958
"161",2004,27,34.79962299,-106.7181789
"161",2004,27,34.79962299,-106.7210958
"161",2004,27,34.80459077,-106.7181789
"161",2004,27,34.80459077,-106.7210958
"161",2014,0,34.79962299,-106.7181789
"161",2014,0,34.79962299,-106.7210958
"161",2014,0,34.80459077,-106.7181789
"161",2014,0,34.80459077,-106.7210958
"161",2012,97,34.79962299,-106.7181789
"161",2012,97,34.79962299,-106.7210958
"161",2012,97,34.80459077,-106.7181789
"161",2012,97,34.80459077,-106.7210958
"161",2010,7,34.79962299,-106.7181789
"161",2010,7,34.79962299,-106.7210958
"161",2010,7,34.80459077,-106.7181789
"161",2010,7,34.80459077,-106.7210958
"161",2008,0,34.79962299,-106.7181789
"161",2008,0,34.79962299,-106.7210958
"161",2008,0,34.80459077,-106.7181789
"161",2008,0,34.80459077,-106.7210958
"161",2006,0,34.79962299,-106.7181789
"161",2006,0,34.79962299,-106.7210958
"161",2006,0,34.80459077,-106.7181789
"161",2006,0,34.80459077,-106.7210958
"161",2003,0,34.79962299,-106.7181789
"161",2003,0,34.79962299,-106.7210958
"161",2003,0,34.80459077,-106.7181789
"161",2003,0,34.80459077,-106.7210958
"161",2011,37,34.79962299,-106.7181789
"161",2011,37,34.79962299,-106.7210958
"161",2011,37,34.80459077,-106.7181789
"161",2011,37,34.80459077,-106.7210958
"161",2009,0,34.79962299,-106.7181789
"161",2009,0,34.79962299,-106.7210958
"161",2009,0,34.80459077,-106.7181789
"161",2009,0,34.80459077,-106.7210958
"161",2016,11,34.79962299,-106.7181789
"161",2016,11,34.79962299,-106.7210958
"161",2016,11,34.80459077,-106.7181789
"161",2016,11,34.80459077,-106.7210958
"161",2017,0,34.79962299,-106.7181789
"161",2017,0,34.79962299,-106.7210958
"161",2017,0,34.80459077,-106.7181789
"161",2017,0,34.80459077,-106.7210958
"161",2005,0,34.79962299,-106.7181789
"161",2005,0,34.79962299,-106.7210958
"161",2005,0,34.80459077,-106.7181789
"161",2005,0,34.80459077,-106.7210958
"161",2013,0,34.79962299,-106.7181789
"161",2013,0,34.79962299,-106.7210958
"161",2013,0,34.80459077,-106.7181789
"161",2013,0,34.80459077,-106.7210958
"161",2007,5,34.79962299,-106.7181789
"161",2007,5,34.79962299,-106.7210958
"161",2007,5,34.80459077,-106.7181789
"161",2007,5,34.80459077,-106.7210958
"161",2018,0,34.79962299,-106.7181789
"161",2018,0,34.79962299,-106.7210958
"161",2018,0,34.80459077,-106.7181789
"161",2018,0,34.80459077,-106.7210958
"162",2006,0,34.81180331,-106.7124538
"162",2010,0,34.81180331,-106.7124538
"162",2009,0,34.81180331,-106.7124538
"162",2012,95,34.81180331,-106.7124538
"162",2004,27,34.81180331,-106.7124538
"162",2005,0,34.81180331,-106.7124538
"162",2017,0,34.81180331,-106.7124538
"162",2014,0,34.81180331,-106.7124538
"162",2003,0,34.81180331,-106.7124538
"162",2015,0,34.81180331,-106.7124538
"162",2011,33,34.81180331,-106.7124538
"162",2008,0,34.81180331,-106.7124538
"162",2007,0,34.81180331,-106.7124538
"162",2018,0,34.81180331,-106.7124538
"162",2013,0,34.81180331,-106.7124538
"162",2016,0,34.81180331,-106.7124538
"163",2010,0,34.82602255,-106.7152787
"163",2009,0,34.82602255,-106.7152787
"163",2012,89,34.82602255,-106.7152787
"163",2004,24,34.82602255,-106.7152787
"163",2008,0,34.82602255,-106.7152787
"163",2014,0,34.82602255,-106.7152787
"163",2003,0,34.82602255,-106.7152787
"163",2017,0,34.82602255,-106.7152787
"163",2013,0,34.82602255,-106.7152787
"163",2016,0,34.82602255,-106.7152787
"163",2006,0,34.82602255,-106.7152787
"163",2011,22,34.82602255,-106.7152787
"163",2005,0,34.82602255,-106.7152787
"163",2018,0,34.82602255,-106.7152787
"163",2015,0,34.82602255,-106.7152787
"163",2007,0,34.82602255,-106.7152787
"164",2013,0,34.84046314,-106.7149975
"164",2003,0,34.84046314,-106.7149975
"164",2010,0,34.84046314,-106.7149975
"164",2014,0,34.84046314,-106.7149975
"164",2015,0,34.84046314,-106.7149975
"164",2004,19,34.84046314,-106.7149975
"164",2012,77,34.84046314,-106.7149975
"164",2005,0,34.84046314,-106.7149975
"164",2017,0,34.84046314,-106.7149975
"164",2006,0,34.84046314,-106.7149975
"164",2008,0,34.84046314,-106.7149975
"164",2016,0,34.84046314,-106.7149975
"164",2018,0,34.84046314,-106.7149975
"164",2009,0,34.84046314,-106.7149975
"164",2011,7,34.84046314,-106.7149975
"164",2007,0,34.84046314,-106.7149975
"165",2015,0,34.85472515,-106.7188638
"165",2005,0,34.85472515,-106.7188638
"165",2004,5,34.85472515,-106.7188638
"165",2003,0,34.85472515,-106.7188638
"165",2009,0,34.85472515,-106.7188638
"165",2014,0,34.85472515,-106.7188638
"165",2012,46,34.85472515,-106.7188638
"165",2008,0,34.85472515,-106.7188638
"165",2018,0,34.85472515,-106.7188638
"165",2006,0,34.85472515,-106.7188638
"165",2011,5,34.85472515,-106.7188638
"165",2010,0,34.85472515,-106.7188638
"165",2016,0,34.85472515,-106.7188638
"165",2017,0,34.85472515,-106.7188638
"165",2013,0,34.85472515,-106.7188638
"165",2007,0,34.85472515,-106.7188638
"166",2004,5,34.86900687,-106.7211278
"166",2003,0,34.86900687,-106.7211278
"166",2006,0,34.86900687,-106.7211278
"166",2015,0,34.86900687,-106.7211278
"166",2005,0,34.86900687,-106.7211278
"166",2014,0,34.86900687,-106.7211278
"166",2008,0,34.86900687,-106.7211278
"166",2009,0,34.86900687,-106.7211278
"166",2017,0,34.86900687,-106.7211278
"166",2011,0,34.86900687,-106.7211278
"166",2012,29,34.86900687,-106.7211278
"166",2013,0,34.86900687,-106.7211278
"166",2007,0,34.86900687,-106.7211278
"166",2018,0,34.86900687,-106.7211278
"166",2016,0,34.86900687,-106.7211278
"166",2010,0,34.86900687,-106.7211278
"167",2012,25,34.88072833,-106.7113374
"167",2006,0,34.88072833,-106.7113374
"167",2014,0,34.88072833,-106.7113374
"167",2005,0,34.88072833,-106.7113374
"167",2003,0,34.88072833,-106.7113374
"167",2016,0,34.88072833,-106.7113374
"167",2017,0,34.88072833,-106.7113374
"167",2008,0,34.88072833,-106.7113374
"167",2015,0,34.88072833,-106.7113374
"167",2010,0,34.88072833,-106.7113374
"167",2013,0,34.88072833,-106.7113374
"167",2011,0,34.88072833,-106.7113374
"167",2009,0,34.88072833,-106.7113374
"167",2004,3,34.88072833,-106.7113374
"167",2007,0,34.88072833,-106.7113374
"167",2018,0,34.88072833,-106.7113374
"054",2003,0,33.51300224,-107.1124884
"054",2014,0,33.51300224,-107.1124884
"054",2017,0,33.51300224,-107.1124884
"054",2012,0,33.51300224,-107.1124884
"054",2010,0,33.51300224,-107.1124884
"054",2008,0,33.51300224,-107.1124884
"054",2011,0,33.51300224,-107.1124884
"054",2006,0,33.51300224,-107.1124884
"054",2013,0,33.51300224,-107.1124884
"054",2004,0,33.51300224,-107.1124884
"054",2005,0,33.51300224,-107.1124884
"054",2018,15,33.51300224,-107.1124884
"054",2016,0,33.51300224,-107.1124884
"054",2007,0,33.51300224,-107.1124884
"054",2015,0,33.51300224,-107.1124884
"054",2009,0,33.51300224,-107.1124884
"055",2011,0,33.52601944,-107.102604
"055",2005,0,33.52601944,-107.102604
"055",2003,0,33.52601944,-107.102604
"055",2014,0,33.52601944,-107.102604
"055",2008,0,33.52601944,-107.102604
"055",2009,0,33.52601944,-107.102604
"055",2010,0,33.52601944,-107.102604
"055",2004,0,33.52601944,-107.102604
"055",2012,0,33.52601944,-107.102604
"055",2013,0,33.52601944,-107.102604
"055",2007,0,33.52601944,-107.102604
"055",2016,0,33.52601944,-107.102604
"055",2006,0,33.52601944,-107.102604
"055",2015,0,33.52601944,-107.102604
"055",2018,15,33.52601944,-107.102604
"055",2017,0,33.52601944,-107.102604
"056",2014,0,33.53400171,-107.0869885
"056",2008,0,33.53400171,-107.0869885
"056",2004,0,33.53400171,-107.0869885
"056",2005,0,33.53400171,-107.0869885
"056",2011,0,33.53400171,-107.0869885
"056",2010,0,33.53400171,-107.0869885
"056",2015,0,33.53400171,-107.0869885
"056",2003,0,33.53400171,-107.0869885
"056",2013,0,33.53400171,-107.0869885
"056",2009,0,33.53400171,-107.0869885
"056",2007,0,33.53400171,-107.0869885
"056",2012,0,33.53400171,-107.0869885
"056",2018,15,33.53400171,-107.0869885
"056",2017,0,33.53400171,-107.0869885
"056",2016,0,33.53400171,-107.0869885
"056",2006,0,33.53400171,-107.0869885
"057",2014,0,33.54710466,-107.0781103
"057",2010,0,33.54710466,-107.0781103
"057",2012,0,33.54710466,-107.0781103
"057",2003,4,33.54710466,-107.0781103
"057",2005,14,33.54710466,-107.0781103
"057",2013,0,33.54710466,-107.0781103
"057",2015,0,33.54710466,-107.0781103
"057",2004,0,33.54710466,-107.0781103
"057",2016,0,33.54710466,-107.0781103
"057",2009,0,33.54710466,-107.0781103
"057",2017,0,33.54710466,-107.0781103
"057",2006,0,33.54710466,-107.0781103
"057",2007,0,33.54710466,-107.0781103
"057",2011,0,33.54710466,-107.0781103
"057",2018,2,33.54710466,-107.0781103
"057",2008,0,33.54710466,-107.0781103
"058",2014,0,33.56160803,-107.0726703
"058",2006,0,33.56160803,-107.0726703
"058",2003,4,33.56160803,-107.0726703
"058",2016,0,33.56160803,-107.0726703
"058",2010,0,33.56160803,-107.0726703
"058",2015,0,33.56160803,-107.0726703
"058",2005,14,33.56160803,-107.0726703
"058",2008,0,33.56160803,-107.0726703
"058",2004,0,33.56160803,-107.0726703
"058",2018,0,33.56160803,-107.0726703
"058",2007,0,33.56160803,-107.0726703
"058",2013,0,33.56160803,-107.0726703
"058",2017,0,33.56160803,-107.0726703
"058",2009,0,33.56160803,-107.0726703
"058",2012,0,33.56160803,-107.0726703
"058",2011,0,33.56160803,-107.0726703
"059",2005,13,33.57569938,-107.066099
"059",2008,0,33.57569938,-107.066099
"059",2003,4,33.57569938,-107.066099
"059",2014,0,33.57569938,-107.066099
"059",2013,0,33.57569938,-107.066099
"059",2010,0,33.57569938,-107.066099
"059",2006,0,33.57569938,-107.066099
"059",2018,0,33.57569938,-107.066099
"059",2007,0,33.57569938,-107.066099
"059",2004,0,33.57569938,-107.066099
"059",2016,0,33.57569938,-107.066099
"059",2017,0,33.57569938,-107.066099
"059",2009,0,33.57569938,-107.066099
"059",2012,0,33.57569938,-107.066099
"059",2011,0,33.57569938,-107.066099
"059",2015,0,33.57569938,-107.066099
"060",2003,4,33.58775907,-107.0563672
"060",2014,0,33.58775907,-107.0563672
"060",2008,0,33.58775907,-107.0563672
"060",2016,0,33.58775907,-107.0563672
"060",2004,0,33.58775907,-107.0563672
"060",2005,13,33.58775907,-107.0563672
"060",2012,0,33.58775907,-107.0563672
"060",2010,0,33.58775907,-107.0563672
"060",2018,8,33.58775907,-107.0563672
"060",2015,0,33.58775907,-107.0563672
"060",2013,0,33.58775907,-107.0563672
"060",2011,0,33.58775907,-107.0563672
"060",2009,0,33.58775907,-107.0563672
"060",2007,0,33.58775907,-107.0563672
"060",2017,0,33.58775907,-107.0563672
"060",2006,0,33.58775907,-107.0563672
"061",2003,4,33.59371025,-107.0429299
"061",2010,0,33.59371025,-107.0429299
"061",2013,0,33.59371025,-107.0429299
"061",2016,0,33.59371025,-107.0429299
"061",2007,0,33.59371025,-107.0429299
"061",2004,0,33.59371025,-107.0429299
"061",2018,3,33.59371025,-107.0429299
"061",2014,0,33.59371025,-107.0429299
"061",2005,13,33.59371025,-107.0429299
"061",2011,0,33.59371025,-107.0429299
"061",2015,0,33.59371025,-107.0429299
"061",2012,0,33.59371025,-107.0429299
"061",2008,0,33.59371025,-107.0429299
"061",2009,0,33.59371025,-107.0429299
"061",2006,0,33.59371025,-107.0429299
"061",2017,0,33.59371025,-107.0429299
"062",2013,0,33.60156178,-107.0290599
"062",2018,4,33.60156178,-107.0290599
"062",2005,13,33.60156178,-107.0290599
"062",2015,0,33.60156178,-107.0290599
"062",2012,0,33.60156178,-107.0290599
"062",2014,0,33.60156178,-107.0290599
"062",2016,0,33.60156178,-107.0290599
"062",2003,2,33.60156178,-107.0290599
"062",2006,0,33.60156178,-107.0290599
"062",2004,0,33.60156178,-107.0290599
"062",2007,0,33.60156178,-107.0290599
"062",2011,0,33.60156178,-107.0290599
"062",2009,0,33.60156178,-107.0290599
"062",2010,0,33.60156178,-107.0290599
"062",2008,0,33.60156178,-107.0290599
"062",2017,0,33.60156178,-107.0290599
"063",2015,0,33.61070556,-107.0172142
"063",2005,13,33.61070556,-107.0172142
"063",2009,0,33.61070556,-107.0172142
"063",2014,0,33.61070556,-107.0172142
"063",2008,0,33.61070556,-107.0172142
"063",2011,0,33.61070556,-107.0172142
"063",2013,0,33.61070556,-107.0172142
"063",2003,2,33.61070556,-107.0172142
"063",2007,0,33.61070556,-107.0172142
"063",2016,0,33.61070556,-107.0172142
"063",2006,0,33.61070556,-107.0172142
"063",2012,0,33.61070556,-107.0172142
"063",2010,0,33.61070556,-107.0172142
"063",2004,0,33.61070556,-107.0172142
"063",2018,22,33.61070556,-107.0172142
"063",2017,0,33.61070556,-107.0172142
"064",2014,0,33.62223865,-107.0056339
"064",2011,0,33.62223865,-107.0056339
"064",2010,0,33.62223865,-107.0056339
"064",2005,13,33.62223865,-107.0056339
"064",2015,0,33.62223865,-107.0056339
"064",2006,0,33.62223865,-107.0056339
"064",2007,0,33.62223865,-107.0056339
"064",2016,0,33.62223865,-107.0056339
"064",2013,0,33.62223865,-107.0056339
"064",2003,2,33.62223865,-107.0056339
"064",2012,0,33.62223865,-107.0056339
"064",2008,0,33.62223865,-107.0056339
"064",2004,0,33.62223865,-107.0056339
"064",2017,0,33.62223865,-107.0056339
"064",2018,22,33.62223865,-107.0056339
"064",2009,0,33.62223865,-107.0056339
"065",2016,0,33.63327231,-106.9946875
"065",2014,0,33.63327231,-106.9946875
"065",2015,0,33.63327231,-106.9946875
"065",2013,0,33.63327231,-106.9946875
"065",2018,20,33.63327231,-106.9946875
"065",2007,0,33.63327231,-106.9946875
"065",2004,0,33.63327231,-106.9946875
"065",2006,0,33.63327231,-106.9946875
"065",2017,0,33.63327231,-106.9946875
"065",2010,0,33.63327231,-106.9946875
"065",2005,11,33.63327231,-106.9946875
"065",2003,2,33.63327231,-106.9946875
"065",2009,0,33.63327231,-106.9946875
"065",2011,0,33.63327231,-106.9946875
"065",2008,0,33.63327231,-106.9946875
"065",2012,0,33.63327231,-106.9946875
"066",2014,0,33.64721482,-106.989853
"066",2015,0,33.64721482,-106.989853
"066",2006,0,33.64721482,-106.989853
"066",2008,0,33.64721482,-106.989853
"066",2005,10,33.64721482,-106.989853
"066",2009,0,33.64721482,-106.989853
"066",2018,20,33.64721482,-106.989853
"066",2007,0,33.64721482,-106.989853
"066",2013,0,33.64721482,-106.989853
"066",2003,2,33.64721482,-106.989853
"066",2004,0,33.64721482,-106.989853
"066",2010,0,33.64721482,-106.989853
"066",2012,0,33.64721482,-106.989853
"066",2011,0,33.64721482,-106.989853
"066",2017,0,33.64721482,-106.989853
"066",2016,0,33.64721482,-106.989853
"067",2015,0,33.65969384,-106.9988942
"067",2014,0,33.65969384,-106.9988942
"067",2005,10,33.65969384,-106.9988942
"067",2004,0,33.65969384,-106.9988942
"067",2010,0,33.65969384,-106.9988942
"067",2008,0,33.65969384,-106.9988942
"067",2006,0,33.65969384,-106.9988942
"067",2009,0,33.65969384,-106.9988942
"067",2018,20,33.65969384,-106.9988942
"067",2012,0,33.65969384,-106.9988942
"067",2003,2,33.65969384,-106.9988942
"067",2016,0,33.65969384,-106.9988942
"067",2017,0,33.65969384,-106.9988942
"067",2013,0,33.65969384,-106.9988942
"067",2007,0,33.65969384,-106.9988942
"067",2011,0,33.65969384,-106.9988942
"068",2004,0,33.67421018,-107.0004775
"068",2011,0,33.67421018,-107.0004775
"068",2010,0,33.67421018,-107.0004775
"068",2014,0,33.67421018,-107.0004775
"068",2003,2,33.67421018,-107.0004775
"068",2005,9,33.67421018,-107.0004775
"068",2017,0,33.67421018,-107.0004775
"068",2015,0,33.67421018,-107.0004775
"068",2013,0,33.67421018,-107.0004775
"068",2008,0,33.67421018,-107.0004775
"068",2018,19,33.67421018,-107.0004775
"068",2007,0,33.67421018,-107.0004775
"068",2006,0,33.67421018,-107.0004775
"068",2012,0,33.67421018,-107.0004775
"068",2016,0,33.67421018,-107.0004775
"068",2009,0,33.67421018,-107.0004775
"069",2014,0,33.68056148,-106.9929781
"069",2014,0,33.68056148,-106.9857769
"069",2014,0,33.68387119,-106.9929781
"069",2014,0,33.68387119,-106.9857769
"069",2004,0,33.68056148,-106.9929781
"069",2004,0,33.68056148,-106.9857769
"069",2004,0,33.68387119,-106.9929781
"069",2004,0,33.68387119,-106.9857769
"069",2016,0,33.68056148,-106.9929781
"069",2016,0,33.68056148,-106.9857769
"069",2016,0,33.68387119,-106.9929781
"069",2016,0,33.68387119,-106.9857769
"069",2018,17,33.68056148,-106.9929781
"069",2018,17,33.68056148,-106.9857769
"069",2018,17,33.68387119,-106.9929781
"069",2018,17,33.68387119,-106.9857769
"069",2013,0,33.68056148,-106.9929781
"069",2013,0,33.68056148,-106.9857769
"069",2013,0,33.68387119,-106.9929781
"069",2013,0,33.68387119,-106.9857769
"069",2008,0,33.68056148,-106.9929781
"069",2008,0,33.68056148,-106.9857769
"069",2008,0,33.68387119,-106.9929781
"069",2008,0,33.68387119,-106.9857769
"069",2005,8,33.68056148,-106.9929781
"069",2005,8,33.68056148,-106.9857769
"069",2005,8,33.68387119,-106.9929781
"069",2005,8,33.68387119,-106.9857769
"069",2010,0,33.68056148,-106.9929781
"069",2010,0,33.68056148,-106.9857769
"069",2010,0,33.68387119,-106.9929781
"069",2010,0,33.68387119,-106.9857769
"069",2012,0,33.68056148,-106.9929781
"069",2012,0,33.68056148,-106.9857769
"069",2012,0,33.68387119,-106.9929781
"069",2012,0,33.68387119,-106.9857769
"069",2007,0,33.68056148,-106.9929781
"069",2007,0,33.68056148,-106.9857769
"069",2007,0,33.68387119,-106.9929781
"069",2007,0,33.68387119,-106.9857769
"069",2006,0,33.68056148,-106.9929781
"069",2006,0,33.68056148,-106.9857769
"069",2006,0,33.68387119,-106.9929781
"069",2006,0,33.68387119,-106.9857769
"069",2017,0,33.68056148,-106.9929781
"069",2017,0,33.68056148,-106.9857769
"069",2017,0,33.68387119,-106.9929781
"069",2017,0,33.68387119,-106.9857769
"069",2009,0,33.68056148,-106.9929781
"069",2009,0,33.68056148,-106.9857769
"069",2009,0,33.68387119,-106.9929781
"069",2009,0,33.68387119,-106.9857769
"069",2015,0,33.68056148,-106.9929781
"069",2015,0,33.68056148,-106.9857769
"069",2015,0,33.68387119,-106.9929781
"069",2015,0,33.68387119,-106.9857769
"069",2003,1,33.68056148,-106.9929781
"069",2003,1,33.68056148,-106.9857769
"069",2003,1,33.68387119,-106.9929781
"069",2003,1,33.68387119,-106.9857769
"069",2011,0,33.68056148,-106.9929781
"069",2011,0,33.68056148,-106.9857769
"069",2011,0,33.68387119,-106.9929781
"069",2011,0,33.68387119,-106.9857769
"070",2016,0,33.68194764,-106.9662492
"070",2014,0,33.68194764,-106.9662492
"070",2013,0,33.68194764,-106.9662492
"070",2007,0,33.68194764,-106.9662492
"070",2010,0,33.68194764,-106.9662492
"070",2012,0,33.68194764,-106.9662492
"070",2005,7,33.68194764,-106.9662492
"070",2004,0,33.68194764,-106.9662492
"070",2003,1,33.68194764,-106.9662492
"070",2006,0,33.68194764,-106.9662492
"070",2017,0,33.68194764,-106.9662492
"070",2018,17,33.68194764,-106.9662492
"070",2015,0,33.68194764,-106.9662492
"070",2009,0,33.68194764,-106.9662492
"070",2008,0,33.68194764,-106.9662492
"070",2011,0,33.68194764,-106.9662492
"071",2010,0,33.68594275,-106.9472795
"071",2016,0,33.68594275,-106.9472795
"071",2015,0,33.68594275,-106.9472795
"071",2005,7,33.68594275,-106.9472795
"071",2007,0,33.68594275,-106.9472795
"071",2014,0,33.68594275,-106.9472795
"071",2011,0,33.68594275,-106.9472795
"071",2012,0,33.68594275,-106.9472795
"071",2013,0,33.68594275,-106.9472795
"071",2004,0,33.68594275,-106.9472795
"071",2008,0,33.68594275,-106.9472795
"071",2006,0,33.68594275,-106.9472795
"071",2003,1,33.68594275,-106.9472795
"071",2018,17,33.68594275,-106.9472795
"071",2017,0,33.68594275,-106.9472795
"071",2009,0,33.68594275,-106.9472795
"072",2014,0,33.69951715,-106.9354597
"072",2007,0,33.69951715,-106.9354597
"072",2005,7,33.69951715,-106.9354597
"072",2016,0,33.69951715,-106.9354597
"072",2004,0,33.69951715,-106.9354597
"072",2017,0,33.69951715,-106.9354597
"072",2015,0,33.69951715,-106.9354597
"072",2013,0,33.69951715,-106.9354597
"072",2012,0,33.69951715,-106.9354597
"072",2008,0,33.69951715,-106.9354597
"072",2003,0,33.69951715,-106.9354597
"072",2018,16,33.69951715,-106.9354597
"072",2011,0,33.69951715,-106.9354597
"072",2010,0,33.69951715,-106.9354597
"072",2006,0,33.69951715,-106.9354597
"072",2009,0,33.69951715,-106.9354597
"073",2003,0,33.71328988,-106.9236673
"073",2014,0,33.71328988,-106.9236673
"073",2005,1,33.71328988,-106.9236673
"073",2016,0,33.71328988,-106.9236673
"073",2008,0,33.71328988,-106.9236673
"073",2015,0,33.71328988,-106.9236673
"073",2018,64,33.71328988,-106.9236673
"073",2007,0,33.71328988,-106.9236673
"073",2009,0,33.71328988,-106.9236673
"073",2010,0,33.71328988,-106.9236673
"073",2012,0,33.71328988,-106.9236673
"073",2013,0,33.71328988,-106.9236673
"073",2011,0,33.71328988,-106.9236673
"073",2006,0,33.71328988,-106.9236673
"073",2004,0,33.71328988,-106.9236673
"073",2017,46,33.71328988,-106.9236673
"074",2014,40,33.72552389,-106.9109077
"074",2015,21,33.72552389,-106.9109077
"074",2016,65,33.72552389,-106.9109077
"074",2007,32,33.72552389,-106.9109077
"074",2008,0,33.72552389,-106.9109077
"074",2011,64,33.72552389,-106.9109077
"074",2006,40,33.72552389,-106.9109077
"074",2012,117,33.72552389,-106.9109077
"074",2018,173,33.72552389,-106.9109077
"074",2003,6,33.72552389,-106.9109077
"074",2009,42,33.72552389,-106.9109077
"074",2005,41,33.72552389,-106.9109077
"074",2017,46,33.72552389,-106.9109077
"074",2013,52,33.72552389,-106.9109077
"074",2010,59,33.72552389,-106.9109077
"074",2004,57,33.72552389,-106.9109077
"075",2014,39,33.74038598,-106.9010396
"075",2005,41,33.74038598,-106.9010396
"075",2012,116,33.74038598,-106.9010396
"075",2013,52,33.74038598,-106.9010396
"075",2010,57,33.74038598,-106.9010396
"075",2018,173,33.74038598,-106.9010396
"075",2016,60,33.74038598,-106.9010396
"075",2011,63,33.74038598,-106.9010396
"075",2015,21,33.74038598,-106.9010396
"075",2004,57,33.74038598,-106.9010396
"075",2006,36,33.74038598,-106.9010396
"075",2003,6,33.74038598,-106.9010396
"075",2008,0,33.74038598,-106.9010396
"075",2009,40,33.74038598,-106.9010396
"075",2007,31,33.74038598,-106.9010396
"075",2017,46,33.74038598,-106.9010396
"076",2003,6,33.75245359,-106.886507
"076",2017,56,33.75245359,-106.886507
"076",2016,59,33.75245359,-106.886507
"076",2006,34,33.75245359,-106.886507
"076",2005,40,33.75245359,-106.886507
"076",2015,0,33.75245359,-106.886507
"076",2018,173,33.75245359,-106.886507
"076",2004,56,33.75245359,-106.886507
"076",2014,38,33.75245359,-106.886507
"076",2008,0,33.75245359,-106.886507
"076",2009,39,33.75245359,-106.886507
"076",2013,52,33.75245359,-106.886507
"076",2011,62,33.75245359,-106.886507
"076",2010,57,33.75245359,-106.886507
"076",2007,33,33.75245359,-106.886507
"076",2012,116,33.75245359,-106.886507
"077",2016,57,33.76707961,-106.8759704
"077",2017,57,33.76707961,-106.8759704
"077",2003,6,33.76707961,-106.8759704
"077",2011,63,33.76707961,-106.8759704
"077",2014,35,33.76707961,-106.8759704
"077",2004,56,33.76707961,-106.8759704
"077",2007,31,33.76707961,-106.8759704
"077",2008,0,33.76707961,-106.8759704
"077",2009,38,33.76707961,-106.8759704
"077",2005,39,33.76707961,-106.8759704
"077",2013,52,33.76707961,-106.8759704
"077",2006,32,33.76707961,-106.8759704
"077",2010,56,33.76707961,-106.8759704
"077",2018,174,33.76707961,-106.8759704
"077",2015,0,33.76707961,-106.8759704
"077",2012,116,33.76707961,-106.8759704
"078",2017,56,33.77975105,-106.8721569
"078",2013,51,33.77975105,-106.8721569
"078",2008,0,33.77975105,-106.8721569
"078",2016,56,33.77975105,-106.8721569
"078",2011,63,33.77975105,-106.8721569
"078",2003,6,33.77975105,-106.8721569
"078",2004,56,33.77975105,-106.8721569
"078",2010,55,33.77975105,-106.8721569
"078",2007,31,33.77975105,-106.8721569
"078",2006,31,33.77975105,-106.8721569
"078",2005,37,33.77975105,-106.8721569
"078",2015,0,33.77975105,-106.8721569
"078",2018,171,33.77975105,-106.8721569
"078",2014,35,33.77975105,-106.8721569
"078",2009,33,33.77975105,-106.8721569
"078",2012,114,33.77975105,-106.8721569
"079",2013,50,33.79309439,-106.8676406
"079",2016,53,33.79309439,-106.8676406
"079",2017,59,33.79309439,-106.8676406
"079",2014,34,33.79309439,-106.8676406
"079",2015,0,33.79309439,-106.8676406
"079",2010,54,33.79309439,-106.8676406
"079",2004,56,33.79309439,-106.8676406
"079",2006,28,33.79309439,-106.8676406
"079",2008,0,33.79309439,-106.8676406
"079",2003,6,33.79309439,-106.8676406
"079",2018,169,33.79309439,-106.8676406
"079",2007,29,33.79309439,-106.8676406
"079",2005,37,33.79309439,-106.8676406
"079",2011,62,33.79309439,-106.8676406
"079",2012,114,33.79309439,-106.8676406
"079",2009,28,33.79309439,-106.8676406
"080",2004,56,33.80710131,-106.8563794
"080",2005,37,33.80710131,-106.8563794
"080",2017,57,33.80710131,-106.8563794
"080",2014,32,33.80710131,-106.8563794
"080",2010,50,33.80710131,-106.8563794
"080",2003,6,33.80710131,-106.8563794
"080",2008,0,33.80710131,-106.8563794
"080",2015,0,33.80710131,-106.8563794
"080",2009,23,33.80710131,-106.8563794
"080",2006,28,33.80710131,-106.8563794
"080",2011,58,33.80710131,-106.8563794
"080",2013,50,33.80710131,-106.8563794
"080",2018,168,33.80710131,-106.8563794
"080",2016,53,33.80710131,-106.8563794
"080",2007,29,33.80710131,-106.8563794
"080",2012,114,33.80710131,-106.8563794
"081",2014,30,33.82043192,-106.8492976
"081",2008,0,33.82043192,-106.8492976
"081",2010,50,33.82043192,-106.8492976
"081",2017,52,33.82043192,-106.8492976
"081",2011,58,33.82043192,-106.8492976
"081",2003,6,33.82043192,-106.8492976
"081",2015,0,33.82043192,-106.8492976
"081",2016,46,33.82043192,-106.8492976
"081",2007,28,33.82043192,-106.8492976
"081",2006,24,33.82043192,-106.8492976
"081",2009,18,33.82043192,-106.8492976
"081",2012,114,33.82043192,-106.8492976
"081",2005,36,33.82043192,-106.8492976
"081",2013,50,33.82043192,-106.8492976
"081",2004,55,33.82043192,-106.8492976
"081",2018,166,33.82043192,-106.8492976
"082",2014,30,33.83701292,-106.8494774
"082",2017,46,33.83701292,-106.8494774
"082",2006,19,33.83701292,-106.8494774
"082",2010,44,33.83701292,-106.8494774
"082",2012,110,33.83701292,-106.8494774
"082",2008,0,33.83701292,-106.8494774
"082",2013,49,33.83701292,-106.8494774
"082",2003,6,33.83701292,-106.8494774
"082",2015,0,33.83701292,-106.8494774
"082",2011,57,33.83701292,-106.8494774
"082",2016,35,33.83701292,-106.8494774
"082",2007,27,33.83701292,-106.8494774
"082",2005,32,33.83701292,-106.8494774
"082",2018,159,33.83701292,-106.8494774
"082",2009,12,33.83701292,-106.8494774
"082",2004,54,33.83701292,-106.8494774
"083",2003,6,33.85197445,-106.8445532
"083",2006,18,33.85197445,-106.8445532
"083",2014,29,33.85197445,-106.8445532
"083",2015,0,33.85197445,-106.8445532
"083",2013,49,33.85197445,-106.8445532
"083",2018,156,33.85197445,-106.8445532
"083",2017,42,33.85197445,-106.8445532
"083",2010,44,33.85197445,-106.8445532
"083",2016,27,33.85197445,-106.8445532
"083",2012,110,33.85197445,-106.8445532
"083",2009,4,33.85197445,-106.8445532
"083",2008,0,33.85197445,-106.8445532
"083",2005,30,33.85197445,-106.8445532
"083",2007,24,33.85197445,-106.8445532
"083",2004,54,33.85197445,-106.8445532
"083",2011,56,33.85197445,-106.8445532
"084",2003,6,33.86841368,-106.8479006
"084",2014,30,33.86841368,-106.8479006
"084",2006,15,33.86841368,-106.8479006
"084",2018,147,33.86841368,-106.8479006
"084",2017,38,33.86841368,-106.8479006
"084",2016,23,33.86841368,-106.8479006
"084",2015,12,33.86841368,-106.8479006
"084",2012,109,33.86841368,-106.8479006
"084",2010,41,33.86841368,-106.8479006
"084",2008,0,33.86841368,-106.8479006
"084",2011,54,33.86841368,-106.8479006
"084",2005,28,33.86841368,-106.8479006
"084",2009,3,33.86841368,-106.8479006
"084",2004,53,33.86841368,-106.8479006
"084",2013,46,33.86841368,-106.8479006
"084",2007,25,33.86841368,-106.8479006
"085",2016,21,33.88456778,-106.8454527
"085",2018,135,33.88456778,-106.8454527
"085",2014,28,33.88456778,-106.8454527
"085",2004,52,33.88456778,-106.8454527
"085",2008,0,33.88456778,-106.8454527
"085",2003,6,33.88456778,-106.8454527
"085",2017,36,33.88456778,-106.8454527
"085",2013,43,33.88456778,-106.8454527
"085",2011,49,33.88456778,-106.8454527
"085",2005,24,33.88456778,-106.8454527
"085",2006,12,33.88456778,-106.8454527
"085",2010,38,33.88456778,-106.8454527
"085",2012,107,33.88456778,-106.8454527
"085",2009,7,33.88456778,-106.8454527
"085",2015,12,33.88456778,-106.8454527
"085",2007,22,33.88456778,-106.8454527
"086",2017,32,33.9010137,-106.8494318
"086",2003,6,33.9010137,-106.8494318
"086",2004,52,33.9010137,-106.8494318
"086",2018,127,33.9010137,-106.8494318
"086",2010,36,33.9010137,-106.8494318
"086",2013,41,33.9010137,-106.8494318
"086",2014,27,33.9010137,-106.8494318
"086",2016,20,33.9010137,-106.8494318
"086",2015,12,33.9010137,-106.8494318
"086",2009,6,33.9010137,-106.8494318
"086",2008,0,33.9010137,-106.8494318
"086",2006,11,33.9010137,-106.8494318
"086",2007,20,33.9010137,-106.8494318
"086",2012,106,33.9010137,-106.8494318
"086",2011,49,33.9010137,-106.8494318
"086",2005,22,33.9010137,-106.8494318
"087",2005,21,33.91735035,-106.8514282
"087",2005,21,33.91735035,-106.8509163
"087",2005,21,33.91898861,-106.8514282
"087",2005,21,33.91898861,-106.8509163
"087",2003,6,33.91735035,-106.8514282
"087",2003,6,33.91735035,-106.8509163
"087",2003,6,33.91898861,-106.8514282
"087",2003,6,33.91898861,-106.8509163
"087",2018,121,33.91735035,-106.8514282
"087",2018,121,33.91735035,-106.8509163
"087",2018,121,33.91898861,-106.8514282
"087",2018,121,33.91898861,-106.8509163
"087",2016,19,33.91735035,-106.8514282
"087",2016,19,33.91735035,-106.8509163
"087",2016,19,33.91898861,-106.8514282
"087",2016,19,33.91898861,-106.8509163
"087",2013,39,33.91735035,-106.8514282
"087",2013,39,33.91735035,-106.8509163
"087",2013,39,33.91898861,-106.8514282
"087",2013,39,33.91898861,-106.8509163
"087",2006,9,33.91735035,-106.8514282
"087",2006,9,33.91735035,-106.8509163
"087",2006,9,33.91898861,-106.8514282
"087",2006,9,33.91898861,-106.8509163
"087",2012,104,33.91735035,-106.8514282
"087",2012,104,33.91735035,-106.8509163
"087",2012,104,33.91898861,-106.8514282
"087",2012,104,33.91898861,-106.8509163
"087",2010,30,33.91735035,-106.8514282
"087",2010,30,33.91735035,-106.8509163
"087",2010,30,33.91898861,-106.8514282
"087",2010,30,33.91898861,-106.8509163
"087",2017,29,33.91735035,-106.8514282
"087",2017,29,33.91735035,-106.8509163
"087",2017,29,33.91898861,-106.8514282
"087",2017,29,33.91898861,-106.8509163
"087",2004,52,33.91735035,-106.8514282
"087",2004,52,33.91735035,-106.8509163
"087",2004,52,33.91898861,-106.8514282
"087",2004,52,33.91898861,-106.8509163
"087",2015,10,33.91735035,-106.8514282
"087",2015,10,33.91735035,-106.8509163
"087",2015,10,33.91898861,-106.8514282
"087",2015,10,33.91898861,-106.8509163
"087",2011,47,33.91735035,-106.8514282
"087",2011,47,33.91735035,-106.8509163
"087",2011,47,33.91898861,-106.8514282
"087",2011,47,33.91898861,-106.8509163
"087",2007,19,33.91735035,-106.8514282
"087",2007,19,33.91735035,-106.8509163
"087",2007,19,33.91898861,-106.8514282
"087",2007,19,33.91898861,-106.8509163
"087",2009,5,33.91735035,-106.8514282
"087",2009,5,33.91735035,-106.8509163
"087",2009,5,33.91898861,-106.8514282
"087",2009,5,33.91898861,-106.8509163
"087",2014,23,33.91735035,-106.8514282
"087",2014,23,33.91735035,-106.8509163
"087",2014,23,33.91898861,-106.8514282
"087",2014,23,33.91898861,-106.8509163
"087",2008,0,33.91735035,-106.8514282
"087",2008,0,33.91735035,-106.8509163
"087",2008,0,33.91898861,-106.8514282
"087",2008,0,33.91898861,-106.8509163
"088",2005,21,33.93069674,-106.8502548
"088",2010,30,33.93069674,-106.8502548
"088",2018,116,33.93069674,-106.8502548
"088",2015,9,33.93069674,-106.8502548
"088",2014,22,33.93069674,-106.8502548
"088",2012,94,33.93069674,-106.8502548
"088",2009,5,33.93069674,-106.8502548
"088",2017,26,33.93069674,-106.8502548
"088",2003,5,33.93069674,-106.8502548
"088",2006,8,33.93069674,-106.8502548
"088",2013,36,33.93069674,-106.8502548
"088",2011,43,33.93069674,-106.8502548
"088",2008,0,33.93069674,-106.8502548
"088",2004,51,33.93069674,-106.8502548
"088",2016,17,33.93069674,-106.8502548
"088",2007,19,33.93069674,-106.8502548
"089",2018,107,33.94376427,-106.8503958
"089",2017,21,33.94376427,-106.8503958
"089",2012,93,33.94376427,-106.8503958
"089",2010,26,33.94376427,-106.8503958
"089",2011,43,33.94376427,-106.8503958
"089",2014,19,33.94376427,-106.8503958
"089",2009,5,33.94376427,-106.8503958
"089",2015,9,33.94376427,-106.8503958
"089",2013,34,33.94376427,-106.8503958
"089",2008,0,33.94376427,-106.8503958
"089",2003,5,33.94376427,-106.8503958
"089",2007,17,33.94376427,-106.8503958
"089",2005,21,33.94376427,-106.8503958
"089",2016,16,33.94376427,-106.8503958
"089",2006,4,33.94376427,-106.8503958
"089",2004,50,33.94376427,-106.8503958
"090",2003,5,33.95568841,-106.8503435
"090",2013,31,33.95568841,-106.8503435
"090",2014,16,33.95568841,-106.8503435
"090",2017,18,33.95568841,-106.8503435
"090",2011,42,33.95568841,-106.8503435
"090",2004,49,33.95568841,-106.8503435
"090",2005,21,33.95568841,-106.8503435
"090",2015,8,33.95568841,-106.8503435
"090",2009,5,33.95568841,-106.8503435
"090",2007,15,33.95568841,-106.8503435
"090",2018,95,33.95568841,-106.8503435
"090",2006,2,33.95568841,-106.8503435
"090",2008,0,33.95568841,-106.8503435
"090",2010,18,33.95568841,-106.8503435
"090",2016,16,33.95568841,-106.8503435
"090",2012,91,33.95568841,-106.8503435
"091",2017,18,33.96659713,-106.8586278
"091",2008,0,33.96659713,-106.8586278
"091",2013,30,33.96659713,-106.8586278
"091",2004,46,33.96659713,-106.8586278
"091",2016,9,33.96659713,-106.8586278
"091",2003,5,33.96659713,-106.8586278
"091",2009,3,33.96659713,-106.8586278
"091",2007,9,33.96659713,-106.8586278
"091",2014,14,33.96659713,-106.8586278
"091",2015,6,33.96659713,-106.8586278
"091",2006,1,33.96659713,-106.8586278
"091",2010,9,33.96659713,-106.8586278
"091",2018,90,33.96659713,-106.8586278
"091",2005,17,33.96659713,-106.8586278
"091",2012,88,33.96659713,-106.8586278
"091",2011,42,33.96659713,-106.8586278
"092",2017,17,33.9792975,-106.8598867
"092",2008,0,33.9792975,-106.8598867
"092",2016,5,33.9792975,-106.8598867
"092",2003,5,33.9792975,-106.8598867
"092",2013,28,33.9792975,-106.8598867
"092",2010,3,33.9792975,-106.8598867
"092",2004,46,33.9792975,-106.8598867
"092",2015,5,33.9792975,-106.8598867
"092",2005,11,33.9792975,-106.8598867
"092",2009,1,33.9792975,-106.8598867
"092",2014,12,33.9792975,-106.8598867
"092",2018,80,33.9792975,-106.8598867
"092",2006,1,33.9792975,-106.8598867
"092",2012,82,33.9792975,-106.8598867
"092",2007,6,33.9792975,-106.8598867
"092",2011,42,33.9792975,-106.8598867
"093",2006,0,33.99163615,-106.8622899
"093",2008,0,33.99163615,-106.8622899
"093",2013,27,33.99163615,-106.8622899
"093",2016,1,33.99163615,-106.8622899
"093",2017,11,33.99163615,-106.8622899
"093",2018,63,33.99163615,-106.8622899
"093",2005,6,33.99163615,-106.8622899
"093",2010,3,33.99163615,-106.8622899
"093",2007,5,33.99163615,-106.8622899
"093",2004,45,33.99163615,-106.8622899
"093",2012,78,33.99163615,-106.8622899
"093",2015,4,33.99163615,-106.8622899
"093",2003,4,33.99163615,-106.8622899
"093",2011,40,33.99163615,-106.8622899
"093",2014,11,33.99163615,-106.8622899
"093",2009,0,33.99163615,-106.8622899
"094",2005,5,34.00242502,-106.8707251
"094",2017,6,34.00242502,-106.8707251
"094",2004,44,34.00242502,-106.8707251
"094",2008,0,34.00242502,-106.8707251
"094",2006,0,34.00242502,-106.8707251
"094",2003,4,34.00242502,-106.8707251
"094",2007,4,34.00242502,-106.8707251
"094",2014,5,34.00242502,-106.8707251
"094",2011,38,34.00242502,-106.8707251
"094",2012,76,34.00242502,-106.8707251
"094",2010,2,34.00242502,-106.8707251
"094",2016,1,34.00242502,-106.8707251
"094",2013,24,34.00242502,-106.8707251
"094",2015,14,34.00242502,-106.8707251
"094",2018,35,34.00242502,-106.8707251
"094",2009,0,34.00242502,-106.8707251
"095",2014,3,34.01429209,-106.8651827
"095",2017,2,34.01429209,-106.8651827
"095",2006,0,34.01429209,-106.8651827
"095",2011,32,34.01429209,-106.8651827
"095",2005,1,34.01429209,-106.8651827
"095",2003,2,34.01429209,-106.8651827
"095",2016,0,34.01429209,-106.8651827
"095",2008,0,34.01429209,-106.8651827
"095",2010,0,34.01429209,-106.8651827
"095",2004,41,34.01429209,-106.8651827
"095",2007,4,34.01429209,-106.8651827
"095",2013,18,34.01429209,-106.8651827
"095",2015,1,34.01429209,-106.8651827
"095",2009,0,34.01429209,-106.8651827
"095",2012,72,34.01429209,-106.8651827
"095",2018,22,34.01429209,-106.8651827
"096",2014,0,34.02605785,-106.863708
"096",2008,0,34.02605785,-106.863708
"096",2010,0,34.02605785,-106.863708
"096",2003,2,34.02605785,-106.863708
"096",2017,0,34.02605785,-106.863708
"096",2013,17,34.02605785,-106.863708
"096",2015,0,34.02605785,-106.863708
"096",2005,0,34.02605785,-106.863708
"096",2011,30,34.02605785,-106.863708
"096",2018,20,34.02605785,-106.863708
"096",2009,0,34.02605785,-106.863708
"096",2004,40,34.02605785,-106.863708
"096",2016,0,34.02605785,-106.863708
"096",2012,72,34.02605785,-106.863708
"096",2007,3,34.02605785,-106.863708
"096",2006,0,34.02605785,-106.863708
"097",2008,0,34.0381936,-106.8647685
"097",2014,0,34.0381936,-106.8647685
"097",2013,15,34.0381936,-106.8647685
"097",2010,0,34.0381936,-106.8647685
"097",2012,64,34.0381936,-106.8647685
"097",2003,2,34.0381936,-106.8647685
"097",2017,0,34.0381936,-106.8647685
"097",2015,0,34.0381936,-106.8647685
"097",2004,39,34.0381936,-106.8647685
"097",2005,0,34.0381936,-106.8647685
"097",2016,0,34.0381936,-106.8647685
"097",2006,0,34.0381936,-106.8647685
"097",2018,6,34.0381936,-106.8647685
"097",2007,1,34.0381936,-106.8647685
"097",2009,0,34.0381936,-106.8647685
"097",2011,29,34.0381936,-106.8647685
"098",2018,0,34.04996307,-106.8677483
"098",2004,38,34.04996307,-106.8677483
"098",2003,1,34.04996307,-106.8677483
"098",2005,0,34.04996307,-106.8677483
"098",2006,0,34.04996307,-106.8677483
"098",2016,0,34.04996307,-106.8677483
"098",2014,0,34.04996307,-106.8677483
"098",2017,0,34.04996307,-106.8677483
"098",2011,28,34.04996307,-106.8677483
"098",2012,62,34.04996307,-106.8677483
"098",2010,0,34.04996307,-106.8677483
"098",2009,0,34.04996307,-106.8677483
"098",2008,0,34.04996307,-106.8677483
"098",2015,0,34.04996307,-106.8677483
"098",2007,1,34.04996307,-106.8677483
"098",2013,9,34.04996307,-106.8677483
"099",2005,0,34.06111659,-106.8750957
"099",2008,0,34.06111659,-106.8750957
"099",2006,0,34.06111659,-106.8750957
"099",2016,0,34.06111659,-106.8750957
"099",2003,1,34.06111659,-106.8750957
"099",2009,0,34.06111659,-106.8750957
"099",2011,21,34.06111659,-106.8750957
"099",2012,53,34.06111659,-106.8750957
"099",2004,37,34.06111659,-106.8750957
"099",2010,0,34.06111659,-106.8750957
"099",2014,0,34.06111659,-106.8750957
"099",2017,0,34.06111659,-106.8750957
"099",2007,0,34.06111659,-106.8750957
"099",2013,2,34.06111659,-106.8750957
"099",2015,0,34.06111659,-106.8750957
"099",2018,0,34.06111659,-106.8750957
